city_name,latitude,longitude,elevation_(m),temperature_(°c),land_cover,population_density_(people/km²),energy_consumption_(kwh),air_quality_index_(aqi),urban_greenness_ratio_(%),health_impact_(mortality_rate/100k),wind_speed_(km/h),humidity_(%),annual_rainfall_(mm),gdp_per_capita_(usd),weather_temp_mean,weather_rain_mean,weather_wind_mean,micro_temp_mean,micro_humidity_mean,micro_ndvi_mean,micro_solar_mean,env_health_impact_mean,env_greenness_mean,env_air_quality_mean,disease_rate_mean
City_1,-22.58277860747475,71.33821704710826,833.0981797737884,22.97704462840545,Water,2544,7160.489180619084,158,50.45118201458382,14.471976080974397,15.542324941210342,63.66867875569602,1799.1120135139236,7228.414052484175,30.90090341655716,3.0927507665352607,15.523795444590451,12.514738425925925,60.30393402777778,0.5027037037037038,547.5015138888889,0,0,0,9.870447192024542
City_2,81.12857515378491,12.994691883883348,2438.554263202612,21.97954694074328,Green Space,7868,37117.73097117051,84,17.34609617918854,23.38406062424385,6.419840360949407,47.680934765453785,2235.99918379018,21949.550912625888,30.90090341655716,3.0927507665352607,15.523795444590451,12.514738425925925,60.30393402777778,0.5027037037037038,547.5015138888889,0,0,0,9.870447192024542
City_3,41.75890952605292,-68.57005813692201,3928.256261443837,10.641051645160893,Green Space,4016,48754.99875543115,32,27.13225732612608,30.969498468325096,8.49853210477732,66.66742607570052,2156.371738646906,8882.154380769796,30.90090341655716,3.0927507665352607,15.523795444590451,12.514738425925925,60.30393402777778,0.5027037037037038,547.5015138888889,0,0,0,9.870447192024542
City_4,17.758527155466595,112.9662070945015,3295.0119888430254,18.53119569065391,Green Space,9750,3557.73282320361,195,53.23294609290701,20.55952379347456,12.00938508518982,64.93518263839628,1752.1094179616025,35317.04655446191,30.90090341655716,3.0927507665352607,15.523795444590451,12.514738425925925,60.30393402777778,0.5027037037037038,547.5015138888889,0,0,0,9.870447192024542
City_5,-61.91664472036143,66.50322211939653,3629.525165376524,19.504890469646423,Water,9668,34427.50015070391,150,17.746265557172133,21.3743227045134,24.3559837203114,64.09876681829066,650.5574333033472,38184.53858647953,30.90090341655716,3.0927507665352607,15.523795444590451,12.514738425925925,60.30393402777778,0.5027037037037038,547.5015138888889,0,0,0,9.870447192024542
City_6,-61.92098633948352,-121.45790183583912,2964.525150198228,19.97056952242251,Industrial,5077,23939.55292375049,158,14.136841780909496,16.51423337510422,0.4158640773858035,59.59143471952963,724.7940543520259,6184.0294933671485,30.90090341655716,3.0927507665352607,15.523795444590451,12.514738425925925,60.30393402777778,0.5027037037037038,547.5015138888889,0,0,0,9.870447192024542
City_7,-79.5449498097241,147.93378641778327,3115.244540330336,24.504309230683305,Water,1227,29379.587513361384,131,34.22689975400054,28.2115908342268,19.48136460709868,61.14626415957103,598.6179742196493,25800.85278203757,30.90090341655716,3.0927507665352607,15.523795444590451,12.514738425925925,60.30393402777778,0.5027037037037038,547.5015138888889,0,0,0,9.870447192024542
City_8,65.91170623948832,116.11340745234082,3821.3804320439367,23.34006366817196,Industrial,7968,5181.725487731917,67,25.12097556392682,42.5287264007558,20.06629593122056,53.377701084724166,1014.9584329849386,40916.62774526994,30.90090341655716,3.0927507665352607,15.523795444590451,12.514738425925925,60.30393402777778,0.5027037037037038,547.5015138888889,0,0,0,9.870447192024542
City_9,18.20070211377758,161.92796878509267,1123.5060398663368,25.19762731983612,Water,842,3107.3406414800347,114,38.1704182241927,10.076418900315645,23.959673410699097,60.77250770569213,771.3229343207555,46871.98903599883,30.90090341655716,3.0927507665352607,15.523795444590451,12.514738425925925,60.30393402777778,0.5027037037037038,547.5015138888889,0,0,0,9.870447192024542
City_10,37.45306400328819,81.2590230198096,2202.412336394132,29.122081538553207,Water,1947,33676.46636699516,186,50.19024452417376,46.72165193767207,27.9825881718094,47.90223622713913,1020.0960805048678,26162.37547034673,30.90090341655716,3.0927507665352607,15.523795444590451,12.514738425925925,60.30393402777778,0.5027037037037038,547.5015138888889,0,0,0,9.870447192024542
City_11,-86.29479102675556,40.82947053688434,995.44248818821,30.324643467902337,Industrial,7081,41342.162061215175,162,16.857424407637158,34.45438268741148,0.6041354684786948,72.20697589441508,1270.116111437923,47563.68195695894,30.90090341655716,3.0927507665352607,15.523795444590451,12.514738425925925,60.30393402777778,0.5027037037037038,547.5015138888889,0,0,0,9.870447192024542
City_12,84.58377338915898,-29.432506935377205,4444.506035984911,27.95307690566236,Green Space,6817,39318.7514117154,121,39.03495422771425,41.16366063400151,4.613511165396486,47.43107818794832,2385.9655681422714,27248.759552345466,30.90090341655716,3.0927507665352607,15.523795444590451,12.514738425925925,60.30393402777778,0.5027037037037038,547.5015138888889,0,0,0,9.870447192024542
City_13,59.83967534407592,155.78225400744475,4248.267028589759,33.88809239887337,Industrial,1026,27646.48066544563,50,35.275438019493194,27.809534631500583,26.58513882167979,43.398651595578656,1720.7521195633842,20315.33423539549,30.90090341655716,3.0927507665352607,15.523795444590451,12.514738425925925,60.30393402777778,0.5027037037037038,547.5015138888889,0,0,0,9.870447192024542
City_14,-51.77896007791029,131.78300022014702,177.42065115827654,10.45581456690904,Urban,7248,5893.47423567273,138,17.20393930065998,38.97583507120317,13.755556865610462,57.449841054286296,2169.947571365925,42561.95329909188,30.90090341655716,3.0927507665352607,15.523795444590451,12.514738425925925,60.30393402777778,0.5027037037037038,547.5015138888889,0,0,0,9.870447192024542
City_15,-57.27150590272189,-163.72127876177183,3175.088276320598,14.894449642088652,Urban,905,34714.17774796468,76,41.19992427644912,0.8100198669733605,16.937719168003905,66.33229758024248,1920.7030014246643,25156.15281244636,30.90090341655716,3.0927507665352607,15.523795444590451,12.514738425925925,60.30393402777778,0.5027037037037038,547.5015138888889,0,0,0,9.870447192024542
City_16,-56.98718822638191,-170.50788918098928,4163.617428370496,10.189071874453552,Industrial,8486,12852.555294153151,113,23.682020893038583,40.91902123897676,19.89081611169442,57.508672997341655,725.0062610532635,24123.22301766163,30.90090341655716,3.0927507665352607,15.523795444590451,12.514738425925925,60.30393402777778,0.5027037037037038,547.5015138888889,0,0,0,9.870447192024542
City_17,-35.23639626728321,-44.47318792390215,812.5890530730009,26.18686785386508,Water,4240,45642.3664356018,112,34.39171592720062,2.006942954268326,20.37199813486912,51.07016527805234,1971.8408127478976,25025.311981081588,30.90090341655716,3.0927507665352607,15.523795444590451,12.514738425925925,60.30393402777778,0.5027037037037038,547.5015138888889,0,0,0,9.870447192024542
City_18,4.456157693802808,111.79919908145985,2555.753537486833,32.450763723749674,Urban,2346,42075.00261773954,64,14.113616213853094,44.49566881814312,27.952212099495245,62.32684735561763,1050.197763118249,42492.46509161752,30.90090341655716,3.0927507665352607,15.523795444590451,12.514738425925925,60.30393402777778,0.5027037037037038,547.5015138888889,0,0,0,9.870447192024542
City_19,-12.249896644419168,175.41940655338,4119.697339146188,16.087057414407482,Urban,1978,35759.765387282154,98,32.97920286068116,49.59813736193217,29.908482522350088,53.880093416488,1778.2156939894128,41765.13554271455,30.90090341655716,3.0927507665352607,15.523795444590451,12.514738425925925,60.30393402777778,0.5027037037037038,547.5015138888889,0,0,0,9.870447192024542
City_20,-37.57875476435245,-125.84991920272984,152.7569036360948,33.175863619907666,Water,1271,47493.45183572539,158,25.323173402141016,14.70337310883889,21.604723827928208,77.31470760506532,1181.9239472859772,20772.47962957035,30.90090341655716,3.0927507665352607,15.523795444590451,12.514738425925925,60.30393402777778,0.5027037037037038,547.5015138888889,0,0,0,9.870447192024542
City_21,20.133521050028307,33.88705752676864,3138.39120261078,11.506684757239022,Water,6025,2539.6692540523736,169,51.11906055926772,10.515927814289682,8.616636276154525,76.90580558414288,2495.3445265293185,17331.693133655725,30.90090341655716,3.0927507665352607,15.523795444590451,12.514738425925925,60.30393402777778,0.5027037037037038,547.5015138888889,0,0,0,9.870447192024542
City_22,-64.89110508263246,-42.87929161283225,1338.0705331764784,33.36090067013786,Green Space,9270,37073.82082797734,56,12.848936349868412,38.26816819290204,26.392572068830308,60.09487279888382,1027.1029589935556,25104.47317791733,30.90090341655716,3.0927507665352607,15.523795444590451,12.514738425925925,60.30393402777778,0.5027037037037038,547.5015138888889,0,0,0,9.870447192024542
City_23,-37.41396326366073,169.16918321325716,4159.782879194387,18.790567180990863,Water,693,17181.89618748386,85,30.93036374591649,12.65131704601266,1.4766274362228482,53.11535976073034,1058.2609415485394,29065.852977118346,30.90090341655716,3.0927507665352607,15.523795444590451,12.514738425925925,60.30393402777778,0.5027037037037038,547.5015138888889,0,0,0,9.870447192024542
City_24,-24.0548682071355,123.16281232885513,4369.762103244155,12.535520711230411,Industrial,2507,45397.22839863189,52,32.9215712065719,43.278119158610174,6.932425586234886,69.48529655826556,2361.344511124797,12678.52332077185,30.90090341655716,3.0927507665352607,15.523795444590451,12.514738425925925,60.30393402777778,0.5027037037037038,547.5015138888889,0,0,0,9.870447192024542
City_25,-7.907402840933528,121.79833369600964,4249.199201010452,22.146793979658145,Industrial,1685,14067.084636436904,182,46.250303814955934,5.142129607873835,26.92157152391145,41.46851773932266,549.2888092726454,39903.79915106394,30.90090341655716,3.0927507665352607,15.523795444590451,12.514738425925925,60.30393402777778,0.5027037037037038,547.5015138888889,0,0,0,9.870447192024542
City_26,51.33167305074244,-11.27046247381071,2133.963974958587,16.4194141930127,Green Space,2894,36517.96846643584,50,38.71437875451055,6.297759818967913,7.685745433180648,58.990760241746045,1893.3779757463933,24837.65552088872,30.90090341655716,3.0927507665352607,15.523795444590451,12.514738425925925,60.30393402777778,0.5027037037037038,547.5015138888889,0,0,0,9.870447192024542
City_27,-54.05871921149525,-30.66497915844053,3879.1919294519103,17.12182254904807,Urban,9802,44004.70396288829,90,43.360616859709054,48.957577755030776,6.619531788652454,53.45293577081334,1950.6527814717565,17368.23187257802,30.90090341655716,3.0927507665352607,15.523795444590451,12.514738425925925,60.30393402777778,0.5027037037037038,547.5015138888889,0,0,0,9.870447192024542
City_28,2.562198914450093,-81.57345410494575,3800.472293407817,17.682249123157163,Urban,4505,3041.1841007514386,92,48.8524642825878,33.69194491350023,4.143758794207417,76.82143540410219,2172.757154820799,6234.22865523554,30.90090341655716,3.0927507665352607,15.523795444590451,12.514738425925925,60.30393402777778,0.5027037037037038,547.5015138888889,0,0,0,9.870447192024542
City_29,16.63462239516764,-159.70482120566624,1435.9521295946504,30.075647445816585,Water,7929,20484.73140000977,151,53.11014868290944,42.34436122144764,25.77335272940749,40.4801210909073,2448.878621276951,12703.41285977674,30.90090341655716,3.0927507665352607,15.523795444590451,12.514738425925925,60.30393402777778,0.5027037037037038,547.5015138888889,0,0,0,9.870447192024542
City_30,-81.63892571040041,131.30005545181916,3730.119633678048,23.47903191688136,Industrial,2761,38353.142569075,81,25.693774836123524,16.2164688675759,15.001747775732602,62.11259502873396,2451.203838313305,47514.7774160432,30.90090341655716,3.0927507665352607,15.523795444590451,12.514738425925925,60.30393402777778,0.5027037037037038,547.5015138888889,0,0,0,9.870447192024542
City_31,19.358073342258905,112.64436328682793,166.53435621971678,17.782692478900092,Urban,4236,23291.02558587177,117,36.90113526819515,33.82418747603022,20.246796091624645,69.62654324266504,630.5535151329278,15949.884654156804,30.90090341655716,3.0927507665352607,15.523795444590451,12.514738425925925,60.30393402777778,0.5027037037037038,547.5015138888889,0,0,0,9.870447192024542
City_32,-59.30565773628753,179.898362383007,2683.214453169239,25.25834458277296,Green Space,7216,14095.37885988617,182,52.00540392196,29.71209136542986,7.17199152225089,59.40071950096165,2143.678645505805,9274.10517898473,30.90090341655716,3.0927507665352607,15.523795444590451,12.514738425925925,60.30393402777778,0.5027037037037038,547.5015138888889,0,0,0,9.870447192024542
City_33,-78.29071326264969,178.78926134660594,1035.0397677946637,27.90376685557984,Green Space,5375,11770.46209233631,84,59.472556548252825,30.15750600614735,22.74121263033649,43.41612120650887,1792.6198673147626,23572.966791094663,30.90090341655716,3.0927507665352607,15.523795444590451,12.514738425925925,60.30393402777778,0.5027037037037038,547.5015138888889,0,0,0,9.870447192024542
City_34,80.79939670559997,19.95541401694589,542.5509859977547,16.815600018338344,Industrial,9421,7444.395078902517,75,54.47596555218816,34.126622976886075,22.800166348862955,78.8984556011161,1794.6842687461824,16047.299424652185,30.90090341655716,3.0927507665352607,15.523795444590451,12.514738425925925,60.30393402777778,0.5027037037037038,547.5015138888889,0,0,0,9.870447192024542
City_35,83.81376595342067,96.83546946498376,346.2894073314412,20.33872753813379,Green Space,4878,42999.34843295783,61,28.57336313121884,28.76795865645493,9.377940747249005,60.72041725504391,756.6998532293896,2722.8032632885133,30.90090341655716,3.0927507665352607,15.523795444590451,12.514738425925925,60.30393402777778,0.5027037037037038,547.5015138888889,0,0,0,9.870447192024542
City_36,55.51152266096301,160.1156627576741,3133.299491451629,13.04715233342369,Green Space,8315,29192.41475932624,84,19.758325860932523,21.453118465133297,12.320478990308484,64.56744977276045,1800.3743328913067,16834.115646691447,30.90090341655716,3.0927507665352607,15.523795444590451,12.514738425925925,60.30393402777778,0.5027037037037038,547.5015138888889,0,0,0,9.870447192024542
City_37,-35.16952154879328,125.87306064386814,1529.4373369562977,14.528733738367007,Industrial,3951,4742.862304581344,125,34.469626870329435,13.796134719027345,6.290708322906026,49.46439130830029,2464.9651612024954,27661.32257303396,30.90090341655716,3.0927507665352607,15.523795444590451,12.514738425925925,60.30393402777778,0.5027037037037038,547.5015138888889,0,0,0,9.870447192024542
City_38,-72.4190194788509,-90.95468337244884,3261.4504718794265,27.02794634912457,Water,8116,19746.43585496113,162,47.08207259180211,38.4290665456601,29.296830699687128,59.33992340427216,2323.6371390788936,28033.90622897838,30.90090341655716,3.0927507665352607,15.523795444590451,12.514738425925925,60.30393402777778,0.5027037037037038,547.5015138888889,0,0,0,9.870447192024542
City_39,33.161944772188235,-17.80411128836633,294.10353359524066,14.535958692390674,Water,3300,19018.948889450385,65,34.62845353766488,11.31362150015931,19.368077311752348,57.16597967833288,1378.261321609701,18471.387137667545,30.90090341655716,3.0927507665352607,15.523795444590451,12.514738425925925,60.30393402777778,0.5027037037037038,547.5015138888889,0,0,0,9.870447192024542
City_40,-10.77255112687176,-133.5026105454618,1418.8065202377466,23.129084591676506,Green Space,8833,9905.220344763686,139,34.15904316568343,34.61771530772071,28.036316421465465,42.99583368007935,579.8959465721887,22917.83505637743,30.90090341655716,3.0927507665352607,15.523795444590451,12.514738425925925,60.30393402777778,0.5027037037037038,547.5015138888889,0,0,0,9.870447192024542
City_41,-68.03311772793981,163.45836981314005,2427.7108156890176,27.726156543060817,Water,5910,22339.873648137345,135,51.91152105409003,11.666641132466331,9.101566308873997,44.24641414189869,1224.5869800004098,48310.37799350356,30.90090341655716,3.0927507665352607,15.523795444590451,12.514738425925925,60.30393402777778,0.5027037037037038,547.5015138888889,0,0,0,9.870447192024542
City_42,-0.8681561799713648,38.222868402316806,3558.254241775336,12.671923077368596,Water,1955,17272.868904263683,87,28.07018895335932,31.266508497722693,23.456727389906693,73.49890078475099,2152.7806232011103,19490.07538428527,30.90090341655716,3.0927507665352607,15.523795444590451,12.514738425925925,60.30393402777778,0.5027037037037038,547.5015138888889,0,0,0,9.870447192024542
City_43,-83.81006619926069,-97.68859001875342,1434.3862631943146,24.182805490722583,Green Space,7392,17748.381569116944,68,52.98973374058228,37.35391335645144,22.97575931654226,49.592798088263606,1902.998202930332,13653.113849739166,30.90090341655716,3.0927507665352607,15.523795444590451,12.514738425925925,60.30393402777778,0.5027037037037038,547.5015138888889,0,0,0,9.870447192024542
City_44,73.67767237418076,61.81224638610843,2816.5111939665408,16.414069592534094,Water,6308,37212.301331609975,109,30.34024004758617,10.93569444532696,20.749669555996245,47.79833085994522,1418.6873111879129,12929.885159271244,30.90090341655716,3.0927507665352607,15.523795444590451,12.514738425925925,60.30393402777778,0.5027037037037038,547.5015138888889,0,0,0,9.870447192024542
City_45,-43.41960331199695,42.5261665648425,3986.899867062842,34.0731718809395,Green Space,7296,11939.905889754618,126,26.41165528391697,2.997165043065414,28.96916925800401,60.196458050005575,610.2030703176622,23430.466022502573,30.90090341655716,3.0927507665352607,15.523795444590451,12.514738425925925,60.30393402777778,0.5027037037037038,547.5015138888889,0,0,0,9.870447192024542
City_46,29.25401118371676,-51.06142150817743,2771.3843468203704,22.08864116799812,Urban,5296,32451.137983912417,142,32.69949555998495,6.548687149708704,11.806660083189469,70.74988525450053,1353.7894556466051,38216.48728713026,30.90090341655716,3.0927507665352607,15.523795444590451,12.514738425925925,60.30393402777778,0.5027037037037038,547.5015138888889,0,0,0,9.870447192024542
City_47,-33.89200630390603,-139.11926680813357,1048.317636391352,30.14981374437896,Industrial,5593,28961.83157016581,90,48.12234793374342,30.29984836355128,3.921519707692719,42.47786074315952,1438.049879435767,11093.421025235188,30.90090341655716,3.0927507665352607,15.523795444590451,12.514738425925925,60.30393402777778,0.5027037037037038,547.5015138888889,0,0,0,9.870447192024542
City_48,3.612243812005943,61.76635041340785,109.8035170044211,23.755663553906544,Industrial,1825,28836.533104555496,166,16.300101393199714,42.47232031128678,20.15126577732182,63.07231678553024,2357.111065788272,35755.510229897634,30.90090341655716,3.0927507665352607,15.523795444590451,12.514738425925925,60.30393402777778,0.5027037037037038,547.5015138888889,0,0,0,9.870447192024542
City_49,8.407850281790331,7.310772325365576,3915.444932554185,11.08531332137048,Water,5476,33487.35996094702,35,19.820960793600868,2.2498410617712183,21.879294014316184,44.76841771362294,1782.172207164319,2036.341344121398,30.90090341655716,3.0927507665352607,15.523795444590451,12.514738425925925,60.30393402777778,0.5027037037037038,547.5015138888889,0,0,0,9.870447192024542
City_50,-56.72619800540513,98.03462102483012,95.71234882674212,25.82878438985056,Water,9905,27870.719773587043,138,57.5722412831546,36.70756295208231,17.25181720376444,41.45844203302474,1123.3058333092977,21527.71592121336,30.90090341655716,3.0927507665352607,15.523795444590451,12.514738425925925,60.30393402777778,0.5027037037037038,547.5015138888889,0,0,0,9.870447192024542
City_51,84.52523299762055,7.258860400317616,3936.157527078897,33.78508355516642,Water,1659,44083.50062747285,64,18.774581369067867,17.065932297502606,6.204536794001888,42.1097580864887,1550.6365289014427,39017.38819493655,30.90090341655716,3.0927507665352607,15.523795444590451,12.514738425925925,60.30393402777778,0.5027037037037038,547.5015138888889,0,0,0,9.870447192024542
City_52,49.52390820500062,126.78534011467444,2380.217103122454,25.04029550365828,Industrial,5150,34103.42450556273,68,38.38636589655273,23.92641849597613,15.133678250080662,73.36656432833766,632.1106156443202,17597.91483294714,30.90090341655716,3.0927507665352607,15.523795444590451,12.514738425925925,60.30393402777778,0.5027037037037038,547.5015138888889,0,0,0,9.870447192024542
City_53,79.10980948155404,18.68646195881479,4225.804643308033,30.47972148566976,Urban,5487,27801.199317198018,179,38.96572333309689,46.44297749227828,9.365692097073882,44.71889934512247,2445.1364712994737,28623.117970824573,30.90090341655716,3.0927507665352607,15.523795444590451,12.514738425925925,60.30393402777778,0.5027037037037038,547.5015138888889,0,0,0,9.870447192024542
City_54,71.0689230769768,21.93766975273905,3594.5245609814942,32.1051615837102,Urban,5197,41658.3928940946,198,34.48122310251224,16.598575236792275,12.823995845000672,41.80605457649168,1220.119803861452,11043.982408469628,30.90090341655716,3.0927507665352607,15.523795444590451,12.514738425925925,60.30393402777778,0.5027037037037038,547.5015138888889,0,0,0,9.870447192024542
City_55,17.62199618599533,135.59529695700422,4490.703497400019,15.701994298723312,Industrial,840,30701.18168174051,147,42.23726242884093,23.2668466969743,19.35655727533992,57.51599548571649,1455.7347098262717,37357.77416518244,30.90090341655716,3.0927507665352607,15.523795444590451,12.514738425925925,60.30393402777778,0.5027037037037038,547.5015138888889,0,0,0,9.870447192024542
City_56,75.93736230416104,-34.74616816353708,1578.2031695326957,15.301120997705668,Urban,4328,15266.068141473772,34,21.49133628988092,0.6841207380340553,22.35644228072504,73.75973887768099,1210.5679484738453,3561.6760601692213,30.90090341655716,3.0927507665352607,15.523795444590451,12.514738425925925,60.30393402777778,0.5027037037037038,547.5015138888889,0,0,0,9.870447192024542
City_57,-74.0713496306545,-131.75451775776935,3452.347300190071,25.2745247212748,Industrial,2468,11147.65099065199,199,37.633113388837415,4.079936000241919,6.9667407270402935,50.49633505957208,1865.0234602324003,42774.58959889952,30.90090341655716,3.0927507665352607,15.523795444590451,12.514738425925925,60.30393402777778,0.5027037037037038,547.5015138888889,0,0,0,9.870447192024542
City_58,-54.72308476455387,-169.63823652719796,1808.6891112415897,20.27571174516762,Urban,1203,8464.06149747126,116,28.608662762344856,12.9295795567392,12.1597608194086,56.868504701036656,1824.464316659186,10711.622934661738,30.90090341655716,3.0927507665352607,15.523795444590451,12.514738425925925,60.30393402777778,0.5027037037037038,547.5015138888889,0,0,0,9.870447192024542
City_59,-81.85908799610314,91.84941204250282,2159.44029136759,30.99653257166801,Green Space,5982,45073.30541475898,105,43.08336298145945,1.3926120410537202,8.074847129748875,41.59690130255005,1930.6446210582712,43845.50355370821,30.90090341655716,3.0927507665352607,15.523795444590451,12.514738425925925,60.30393402777778,0.5027037037037038,547.5015138888889,0,0,0,9.870447192024542
City_60,-31.44054046261241,43.31143848724727,2823.774584482665,32.50057808495028,Green Space,6876,35796.636158105226,187,17.061177168657473,31.56876630241255,5.9589484158560735,57.96314056539504,1036.2864592238416,18273.93282372535,30.90090341655716,3.0927507665352607,15.523795444590451,12.514738425925925,60.30393402777778,0.5027037037037038,547.5015138888889,0,0,0,9.870447192024542
City_61,-20.03808785589324,73.46871651572047,3931.547013838525,18.83553448256795,Industrial,2300,46931.543470051714,86,38.54387084197381,21.319917840081125,23.50161659987516,63.10452322548535,1131.336962328132,36411.49514924984,30.90090341655716,3.0927507665352607,15.523795444590451,12.514738425925925,60.30393402777778,0.5027037037037038,547.5015138888889,0,0,0,9.870447192024542
City_62,-41.15717428069873,-103.33290185679212,4428.375611396828,15.921763974362053,Urban,5963,30561.29848003221,156,19.263517769166185,27.407260136401103,27.277580833109774,62.83628215008579,750.5024621924159,16642.039591523237,30.90090341655716,3.0927507665352607,15.523795444590451,12.514738425925925,60.30393402777778,0.5027037037037038,547.5015138888889,0,0,0,9.870447192024542
City_63,59.17275164734727,-130.90626878876287,3457.230362390332,29.513137881096547,Water,5412,24196.643193250715,58,23.93215315575182,8.732359294816478,11.106965570537302,53.29706768697461,1811.0199436922253,45389.67189049773,30.90090341655716,3.0927507665352607,15.523795444590451,12.514738425925925,60.30393402777778,0.5027037037037038,547.5015138888889,0,0,0,9.870447192024542
City_64,-25.784401195153933,-174.76392035956252,1879.950519753002,16.870150888703403,Urban,5148,3926.107959573577,194,20.93549001617916,14.796601471830806,22.538367731213008,52.62132722652542,579.5942546713051,7205.219150400344,30.90090341655716,3.0927507665352607,15.523795444590451,12.514738425925925,60.30393402777778,0.5027037037037038,547.5015138888889,0,0,0,9.870447192024542
City_65,-39.43178825627146,-53.78847882962509,1896.106510246816,30.56535796284196,Green Space,1355,33910.47179575546,116,19.14188899344085,33.191223742636254,26.90985868093233,44.26494475746392,1695.364671046918,9747.469674357337,30.90090341655716,3.0927507665352607,15.523795444590451,12.514738425925925,60.30393402777778,0.5027037037037038,547.5015138888889,0,0,0,9.870447192024542
City_66,7.685294968484726,32.37036726766792,3319.120357150012,20.59345634121907,Green Space,3366,29528.22922864333,170,51.28554757803335,48.26513618151999,25.383726315906948,54.67193282585073,2239.3917697032675,25158.47613278132,30.90090341655716,3.0927507665352607,15.523795444590451,12.514738425925925,60.30393402777778,0.5027037037037038,547.5015138888889,0,0,0,9.870447192024542
City_67,-64.63363950454273,-38.79214376409635,1074.4971559573603,26.68874748228676,Urban,682,49520.23578579345,189,24.28537838304452,2.52083868011046,5.484401656176777,43.979786754918585,2281.664296579267,5014.98351286916,30.90090341655716,3.0927507665352607,15.523795444590451,12.514738425925925,60.30393402777778,0.5027037037037038,547.5015138888889,0,0,0,9.870447192024542
City_68,54.395456535727135,-22.50902807145755,497.133509091276,12.388382845866705,Urban,3612,12718.780111329908,75,56.35618909322247,44.5192160427633,28.68875644540084,70.66383778848206,1398.0755207399234,10603.029050386334,30.90090341655716,3.0927507665352607,15.523795444590451,12.514738425925925,60.30393402777778,0.5027037037037038,547.5015138888889,0,0,0,9.870447192024542
City_69,-76.58088413764125,145.49713001774944,1595.7997093834945,25.596483116914325,Water,6170,27006.13040905496,145,58.49632626725954,28.844060065560424,11.300293212883874,78.65097190992743,1418.6073764261475,47244.55272838871,30.90090341655716,3.0927507665352607,15.523795444590451,12.514738425925925,60.30393402777778,0.5027037037037038,547.5015138888889,0,0,0,9.870447192024542
City_70,87.63964858809311,-54.62803187161188,1292.5754624433678,21.294191968430727,Water,4992,32896.90942078556,141,38.56302349685487,28.195978337781185,10.17721983521509,78.80297826666828,653.9383660160347,48847.99339624647,30.90090341655716,3.0927507665352607,15.523795444590451,12.514738425925925,60.30393402777778,0.5027037037037038,547.5015138888889,0,0,0,9.870447192024542
City_71,49.004058473398345,5.036216097531877,1333.3865420519553,24.66521157938685,Urban,6323,32584.96756237484,180,17.15005613328632,25.013926760388017,1.87293981833341,74.60284397501576,1841.530050886072,19436.707137190675,30.90090341655716,3.0927507665352607,15.523795444590451,12.514738425925925,60.30393402777778,0.5027037037037038,547.5015138888889,0,0,0,9.870447192024542
City_72,-54.23117732384897,102.11508458681152,1051.2348797245947,14.200355193621586,Urban,2017,28503.38360447173,74,28.727412168979065,3.469704295209169,14.58520962314649,64.03168597358476,2142.518840745691,46241.01502968284,30.90090341655716,3.0927507665352607,15.523795444590451,12.514738425925925,60.30393402777778,0.5027037037037038,547.5015138888889,0,0,0,9.870447192024542
City_73,-89.00601891775156,-37.24459836434275,189.4193533636285,28.421843623604552,Urban,5502,39069.47250603405,174,49.8866131674107,4.493842586808033,3.270408469227861,68.0346278897552,989.310109209426,27696.409107998155,30.90090341655716,3.0927507665352607,15.523795444590451,12.514738425925925,60.30393402777778,0.5027037037037038,547.5015138888889,0,0,0,9.870447192024542
City_74,56.783057121870144,43.95121208203446,80.43270630036214,31.56992693858072,Urban,1856,11044.079266814004,133,28.36953643485352,30.045600282954304,7.4561946278227795,51.40823210721656,1342.6017632667294,14217.380827814584,30.90090341655716,3.0927507665352607,15.523795444590451,12.514738425925925,60.30393402777778,0.5027037037037038,547.5015138888889,0,0,0,9.870447192024542
City_75,37.234321892571074,130.45093514882825,4444.750753812142,15.418495002269392,Industrial,4129,36555.732813446375,114,14.350860915139435,17.047928571777916,9.508278653018442,65.23081680690483,2177.6786735305404,35417.53733294933,30.90090341655716,3.0927507665352607,15.523795444590451,12.514738425925925,60.30393402777778,0.5027037037037038,547.5015138888889,0,0,0,9.870447192024542
City_76,41.22129024737771,161.82742451675114,1924.9791018113808,12.392863888004044,Urban,4128,31366.99400022137,163,37.8392455464094,45.86340332888403,24.26478970475052,58.2259819775951,2254.240935324576,33286.188522168,30.90090341655716,3.0927507665352607,15.523795444590451,12.514738425925925,60.30393402777778,0.5027037037037038,547.5015138888889,0,0,0,9.870447192024542
City_77,48.82866240347025,-127.05354686554634,1729.4699122185675,10.59096465115841,Water,8710,44907.6804779341,137,52.25604257480174,20.329526867973613,26.264659511876896,59.2806935910773,986.359960528452,49467.14063632793,30.90090341655716,3.0927507665352607,15.523795444590451,12.514738425925925,60.30393402777778,0.5027037037037038,547.5015138888889,0,0,0,9.870447192024542
City_78,-76.67196268786374,153.571545058138,3058.4127721188142,26.04928751108165,Green Space,6632,42512.5275126455,47,49.79631935717512,7.164072935132055,9.07398952384409,70.31106241500632,1601.1412690827285,13987.31708305488,30.90090341655716,3.0927507665352607,15.523795444590451,12.514738425925925,60.30393402777778,0.5027037037037038,547.5015138888889,0,0,0,9.870447192024542
City_79,-25.47616886203093,-2.8381344913662474,982.1424953927888,25.17735090221952,Industrial,9824,16442.20491749511,123,18.75615700651766,35.7359416751018,25.760943637337217,51.27673422389007,884.9863012716542,33930.915630425035,30.90090341655716,3.0927507665352607,15.523795444590451,12.514738425925925,60.30393402777778,0.5027037037037038,547.5015138888889,0,0,0,9.870447192024542
City_80,-69.14356928547664,-87.03202021237499,4274.825327776014,23.66743531785175,Urban,7088,14535.6289237825,179,43.63823072062333,14.667671072050492,25.71692812109373,52.7215844677808,703.7575282791131,3549.1639964428978,30.90090341655716,3.0927507665352607,15.523795444590451,12.514738425925925,60.30393402777778,0.5027037037037038,547.5015138888889,0,0,0,9.870447192024542
City_81,65.35861665760683,-14.711127754225942,3538.552564869984,15.798677402899386,Green Space,3811,49101.01286876995,62,21.025213171782354,26.27351536779466,22.939528511546207,76.98567164514546,2322.241002783915,6568.655896139251,30.90090341655716,3.0927507665352607,15.523795444590451,12.514738425925925,60.30393402777778,0.5027037037037038,547.5015138888889,0,0,0,9.870447192024542
City_82,22.193662828960427,172.81172710277173,402.3495104051678,19.77264989763787,Industrial,6548,26835.99386484757,187,20.91037672760861,34.8916392752585,4.400853420455446,42.24897179403889,2141.015008464218,1192.0003726035698,30.90090341655716,3.0927507665352607,15.523795444590451,12.514738425925925,60.30393402777778,0.5027037037037038,547.5015138888889,0,0,0,9.870447192024542
City_83,-30.438355526523143,-2.657486162566954,1879.1134910321773,24.861908379654324,Green Space,6746,45414.62723180741,155,53.70358866525926,45.01320556010352,20.70968540702187,59.425371936533615,2020.069803606348,49973.57337192398,30.90090341655716,3.0927507665352607,15.523795444590451,12.514738425925925,60.30393402777778,0.5027037037037038,547.5015138888889,0,0,0,9.870447192024542
City_84,-78.55949694851574,-61.64942029649704,3956.032384029741,22.419171471479235,Urban,1487,9030.170165243628,189,22.48344763701151,39.6095597400838,28.350721937417063,76.51203201631446,597.5326376262808,40311.41116022641,30.90090341655716,3.0927507665352607,15.523795444590451,12.514738425925925,60.30393402777778,0.5027037037037038,547.5015138888889,0,0,0,9.870447192024542
City_85,-34.0231820911808,48.02430755402128,4251.2941003113465,34.694638005372184,Urban,3821,32498.12682520854,199,23.16236732590056,33.818053393636205,20.476214363014712,64.41452031272628,2187.457585420515,39549.427721943495,30.90090341655716,3.0927507665352607,15.523795444590451,12.514738425925925,60.30393402777778,0.5027037037037038,547.5015138888889,0,0,0,9.870447192024542
City_86,-31.46700203518553,-93.5475772398505,2103.306800624414,13.410993813918328,Water,5115,40683.149180668726,151,10.032669538064978,33.98165911975718,9.948505473235018,61.85628296848528,1376.0881518107676,25976.577689120804,30.90090341655716,3.0927507665352607,15.523795444590451,12.514738425925925,60.30393402777778,0.5027037037037038,547.5015138888889,0,0,0,9.870447192024542
City_87,41.329112100851546,-152.689201880881,2760.3512514481845,27.378613851189844,Urban,8865,47422.36722973589,167,53.53345170627588,47.296232201604326,15.01737952292494,49.98976716917421,1184.790246591719,15703.287062366557,30.90090341655716,3.0927507665352607,15.523795444590451,12.514738425925925,60.30393402777778,0.5027037037037038,547.5015138888889,0,0,0,9.870447192024542
City_88,24.76034484393836,-133.60330011216627,751.6527574143386,20.107969202607304,Urban,4241,17529.66690983415,144,49.62974066045673,14.791204874826802,19.37175130053161,53.73101956257793,1592.952722050753,8411.949938671121,30.90090341655716,3.0927507665352607,15.523795444590451,12.514738425925925,60.30393402777778,0.5027037037037038,547.5015138888889,0,0,0,9.870447192024542
City_89,69.69829366373878,-133.90349797520193,4460.2588176163945,20.70499037314037,Industrial,3552,36524.07732627857,193,41.3664467545339,0.0556047098093703,15.317112261855106,74.08193663218772,682.7064854471116,14949.062203476718,30.90090341655716,3.0927507665352607,15.523795444590451,12.514738425925925,60.30393402777778,0.5027037037037038,547.5015138888889,0,0,0,9.870447192024542
City_90,-5.001313470849127,-125.31503033557404,1042.5226562254952,27.939944141454404,Water,7074,27401.83744294133,191,47.51328819694211,13.597727969909934,3.598588251929095,62.36872527073832,2013.2930987047976,19422.589874527817,30.90090341655716,3.0927507665352607,15.523795444590451,12.514738425925925,60.30393402777778,0.5027037037037038,547.5015138888889,0,0,0,9.870447192024542
City_91,-68.4730357311057,-130.02221784621236,4242.292983608066,27.31090378310924,Industrial,1226,3970.817377256941,57,17.60242837122459,10.8945689813372,9.36192133956062,60.5896877502712,1664.8701537765917,38059.19475203441,30.90090341655716,3.0927507665352607,15.523795444590451,12.514738425925925,60.30393402777778,0.5027037037037038,547.5015138888889,0,0,0,9.870447192024542
City_92,38.38406170013912,50.71490812915727,2923.409920465658,34.781399842554706,Green Space,4260,34809.98712813822,40,32.91617972937877,33.09172925569991,24.071880916608976,43.98318854160116,873.180193746335,27443.42765625447,30.90090341655716,3.0927507665352607,15.523795444590451,12.514738425925925,60.30393402777778,0.5027037037037038,547.5015138888889,0,0,0,9.870447192024542
City_93,46.94130875104153,-114.52316961630788,2734.815576954866,13.20985723635313,Urban,6306,34814.73135365433,196,27.560969367439043,31.68557998827645,25.842541382865523,40.64112625820493,876.4643995380911,4796.697701218652,30.90090341655716,3.0927507665352607,15.523795444590451,12.514738425925925,60.30393402777778,0.5027037037037038,547.5015138888889,0,0,0,9.870447192024542
City_94,11.029895562509324,-55.55977800340925,2307.098299574289,12.602741234604158,Green Space,2375,46599.73343748031,76,14.688826312850823,29.67306913523619,4.1190009814671065,78.54740754748197,868.4973031453485,1883.4214389867,30.90090341655716,3.0927507665352607,15.523795444590451,12.514738425925925,60.30393402777778,0.5027037037037038,547.5015138888889,0,0,0,9.870447192024542
City_95,48.77409239182097,142.84382756616424,1038.014152729914,28.108470428218528,Industrial,7493,25368.30986227965,156,34.3065242607462,0.812172160472685,28.571602571961737,55.07944669147366,614.0047751038679,6014.276797169095,30.90090341655716,3.0927507665352607,15.523795444590451,12.514738425925925,60.30393402777778,0.5027037037037038,547.5015138888889,0,0,0,9.870447192024542
City_96,-1.1167926544096645,-9.373809505365957,794.3761440247872,24.459672925160227,Urban,4533,12282.29511481522,176,56.03698251713177,36.438902722532376,9.86467853545828,64.12852248398018,1675.5968987433696,21114.436971171588,30.90090341655716,3.0927507665352607,15.523795444590451,12.514738425925925,60.30393402777778,0.5027037037037038,547.5015138888889,0,0,0,9.870447192024542
City_97,4.091909288758927,60.32078586756978,992.1879408157891,16.854016663995147,Urban,5943,3183.6273489852783,147,12.002955952534723,16.176520624274577,19.8694121619216,43.1886029274914,2180.696355177016,46726.452935401896,30.90090341655716,3.0927507665352607,15.523795444590451,12.514738425925925,60.30393402777778,0.5027037037037038,547.5015138888889,0,0,0,9.870447192024542
City_98,-13.042616695461064,-117.96484636741326,838.9721796491453,11.985484224724663,Industrial,1489,21366.46714760938,172,24.57304567468969,33.25279945033156,22.55475437870044,67.32457142892187,534.9964279747772,32232.72157925186,30.90090341655716,3.0927507665352607,15.523795444590451,12.514738425925925,60.30393402777778,0.5027037037037038,547.5015138888889,0,0,0,9.870447192024542
City_99,-85.42455718606287,-110.77595322887852,3508.13013105039,12.141456239910765,Industrial,4244,15793.918303797587,155,20.37704681028517,27.828921425107666,24.358387039136502,77.30266834823843,598.0092899425471,40289.46909390024,30.90090341655716,3.0927507665352607,15.523795444590451,12.514738425925925,60.30393402777778,0.5027037037037038,547.5015138888889,0,0,0,9.870447192024542
City_100,-70.57954314120519,-165.28729814406762,1575.5636662502857,32.35477186660296,Industrial,9111,38293.326995169904,185,21.90733268328481,17.13654627139536,28.372491066777904,63.02661011989679,1645.5405533738915,23852.35513072288,30.90090341655716,3.0927507665352607,15.523795444590451,12.514738425925925,60.30393402777778,0.5027037037037038,547.5015138888889,0,0,0,9.870447192024542
City_101,-84.34274657638784,-119.18337729402076,260.29204453528365,14.796683117968572,Industrial,1093,18359.120477211283,181,55.42172759396876,6.728813355205388,9.38758644086468,45.04461289501642,2138.9913707721043,18721.638076557098,30.90090341655716,3.0927507665352607,15.523795444590451,12.514738425925925,60.30393402777778,0.5027037037037038,547.5015138888889,0,0,0,9.870447192024542
City_102,24.553874027480475,-79.7074779484949,4360.961835633651,18.084289052888018,Industrial,2274,47504.48861942735,101,33.40345271171451,4.720944883024048,25.75519363654664,63.26886109893907,1153.4777811372671,6311.618263114514,30.90090341655716,3.0927507665352607,15.523795444590451,12.514738425925925,60.30393402777778,0.5027037037037038,547.5015138888889,0,0,0,9.870447192024542
City_103,-33.4159234062612,-116.27622566037115,3977.036482335416,15.6664100556747,Urban,1435,48153.19994640143,136,33.31497064699094,41.57591665561118,3.9506071030862113,70.6538885241861,1199.2287976154444,43920.71808712404,30.90090341655716,3.0927507665352607,15.523795444590451,12.514738425925925,60.30393402777778,0.5027037037037038,547.5015138888889,0,0,0,9.870447192024542
City_104,1.542724409646496,-148.06708784746,4174.885274378458,18.87490764579843,Industrial,4308,31424.52092066769,166,48.02878212276411,45.9198771040779,21.15122719060778,56.25666146296075,1692.6929949935518,39374.84142236724,30.90090341655716,3.0927507665352607,15.523795444590451,12.514738425925925,60.30393402777778,0.5027037037037038,547.5015138888889,0,0,0,9.870447192024542
City_105,73.36196530669673,-136.5710864037837,4477.085201908959,11.735596068652336,Urban,831,46504.35406372926,62,17.72461020024629,32.48940233821498,22.259331885419577,75.19350991765872,1048.425778248294,9237.786782288533,30.90090341655716,3.0927507665352607,15.523795444590451,12.514738425925925,60.30393402777778,0.5027037037037038,547.5015138888889,0,0,0,9.870447192024542
City_106,-45.12739875320251,-14.11964350821873,782.5286214876928,22.97649477270676,Urban,8422,38281.86288121028,48,34.36326770500254,5.171705743024169,20.331697236039613,65.94731813429458,553.2167321553683,26100.767629936767,30.90090341655716,3.0927507665352607,15.523795444590451,12.514738425925925,60.30393402777778,0.5027037037037038,547.5015138888889,0,0,0,9.870447192024542
City_107,-16.131073853586642,-105.7198613739147,1783.0890850619644,11.690314089805373,Industrial,3202,27796.122407781186,103,31.499260706052983,20.101360844412035,7.569442084054589,75.9699567315681,1970.457036203192,24881.365588141,30.90090341655716,3.0927507665352607,15.523795444590451,12.514738425925925,60.30393402777778,0.5027037037037038,547.5015138888889,0,0,0,9.870447192024542
City_108,45.99920493774877,-48.86285002269284,3412.073140668411,30.00891269555904,Industrial,6389,9835.088835716128,197,39.8455345273328,36.44696000525786,26.191294410456106,64.9402124498935,1751.299825882906,31629.4860816399,30.90090341655716,3.0927507665352607,15.523795444590451,12.514738425925925,60.30393402777778,0.5027037037037038,547.5015138888889,0,0,0,9.870447192024542
City_109,-48.81633021150796,1.2302175077484776,3132.092781242065,15.842802047760824,Water,5554,23471.29923217816,186,59.97788516252193,38.9910442005034,5.06575390111185,45.25151888019297,1661.5119981113182,47363.1578055718,30.90090341655716,3.0927507665352607,15.523795444590451,12.514738425925925,60.30393402777778,0.5027037037037038,547.5015138888889,0,0,0,9.870447192024542
City_110,-76.14361623081726,68.5421383065715,692.5315785293478,23.500297865112763,Urban,4368,28482.84870476826,127,48.47244470410235,5.91093111455443,1.6090437456249251,52.38766844420756,1983.3682579836463,29408.800646361506,30.90090341655716,3.0927507665352607,15.523795444590451,12.514738425925925,60.30393402777778,0.5027037037037038,547.5015138888889,0,0,0,9.870447192024542
City_111,-37.84473847552176,-165.84762965720438,3671.24906245778,32.00197718903645,Industrial,4700,43334.1174560155,170,29.89328515087136,0.0015359422691207,21.523949718357365,48.07179793009828,1850.461675124075,27470.64607215231,30.90090341655716,3.0927507665352607,15.523795444590451,12.514738425925925,60.30393402777778,0.5027037037037038,547.5015138888889,0,0,0,9.870447192024542
City_112,-60.9801682942792,107.78774360725538,1009.982573264973,26.27193422617985,Industrial,701,24585.335450247578,158,51.377652613702345,35.60685229403025,14.26427145698201,76.3530599086745,911.7639763566424,3465.8237137985334,30.90090341655716,3.0927507665352607,15.523795444590451,12.514738425925925,60.30393402777778,0.5027037037037038,547.5015138888889,0,0,0,9.870447192024542
City_113,77.34557742166317,46.04414021672679,1007.1792667018038,23.323944663783383,Industrial,2997,44986.05896121988,191,18.53541816562401,17.829808799310282,25.47294059876028,70.4160026914993,1204.9620938867024,4082.466324883173,30.90090341655716,3.0927507665352607,15.523795444590451,12.514738425925925,60.30393402777778,0.5027037037037038,547.5015138888889,0,0,0,9.870447192024542
City_114,55.461668321595056,-150.56674849840613,2416.384903020361,18.10834382788439,Water,2342,34043.099972149976,122,11.523184315448006,12.724066580913012,11.501914231747769,67.05593475640023,752.22028335725,10179.992775012655,30.90090341655716,3.0927507665352607,15.523795444590451,12.514738425925925,60.30393402777778,0.5027037037037038,547.5015138888889,0,0,0,9.870447192024542
City_115,24.012676171876222,134.48830467843982,2668.2297067876643,18.32504782645495,Water,9601,7712.954089629898,77,20.22241862321365,0.644873489476272,5.048357655231385,52.03865278526487,759.7140268357621,2591.0678128956656,30.90090341655716,3.0927507665352607,15.523795444590451,12.514738425925925,60.30393402777778,0.5027037037037038,547.5015138888889,0,0,0,9.870447192024542
City_116,66.86290623378918,151.51406419145275,2610.38793527015,26.73717387995476,Green Space,5158,49754.08709692956,93,27.020577805712986,27.014970338074985,25.093265774096093,47.36179088200854,1852.3914927130784,37424.29188293061,30.90090341655716,3.0927507665352607,15.523795444590451,12.514738425925925,60.30393402777778,0.5027037037037038,547.5015138888889,0,0,0,9.870447192024542
City_117,54.660973841840615,-158.01193445224905,411.69076828989694,34.85348403052919,Urban,8044,26834.40037694172,90,35.529037872977995,42.55753677129909,16.46728894920215,70.25804351955648,2217.2002139649967,36443.1848957042,30.90090341655716,3.0927507665352607,15.523795444590451,12.514738425925925,60.30393402777778,0.5027037037037038,547.5015138888889,0,0,0,9.870447192024542
City_118,-56.41738940051355,-80.32404666700666,3948.573881836712,26.545979746234465,Green Space,8218,20201.056524044863,186,40.75645702706,47.881582313629394,5.675873771710647,58.96631783516319,2425.4651677222782,7666.755487150504,30.90090341655716,3.0927507665352607,15.523795444590451,12.514738425925925,60.30393402777778,0.5027037037037038,547.5015138888889,0,0,0,9.870447192024542
City_119,70.660619728196,110.23246072550204,1195.2001916491772,23.944585434250623,Industrial,1270,33296.5744590068,68,55.53028586072109,28.287247530664462,21.611519957593373,49.03158208602517,1756.6942350988888,41967.86613896876,30.90090341655716,3.0927507665352607,15.523795444590451,12.514738425925925,60.30393402777778,0.5027037037037038,547.5015138888889,0,0,0,9.870447192024542
City_120,7.081603544817128,89.37348853811699,582.8171457726188,28.26626275598116,Water,3655,6335.772385070914,157,35.49270047752289,25.72306638699471,15.333409154685016,64.664879126611,868.2026467219139,8584.515707459486,30.90090341655716,3.0927507665352607,15.523795444590451,12.514738425925925,60.30393402777778,0.5027037037037038,547.5015138888889,0,0,0,9.870447192024542
City_121,55.33922792953126,-113.57243303170416,3999.366359410397,21.630140307092955,Water,2128,32190.393690914363,117,35.06378223128647,4.252819274462055,18.129389467209595,41.61335408553808,711.3006908978614,15757.603762870582,30.90090341655716,3.0927507665352607,15.523795444590451,12.514738425925925,60.30393402777778,0.5027037037037038,547.5015138888889,0,0,0,9.870447192024542
City_122,71.29643398622878,-104.6342435987843,4300.43174203389,11.503558565019633,Green Space,886,25413.564024464376,55,12.512150491149107,27.443640077129988,13.826950146197456,53.04681016513014,2125.7019430735154,13199.868058906884,30.90090341655716,3.0927507665352607,15.523795444590451,12.514738425925925,60.30393402777778,0.5027037037037038,547.5015138888889,0,0,0,9.870447192024542
City_123,-32.7593745050645,-46.630042995102485,3879.574277694528,24.057420396947744,Water,6531,20927.02942993057,46,11.745577632811193,18.99895394826973,24.86126951454019,58.74227978364539,1657.5129527199986,19243.04783007934,30.90090341655716,3.0927507665352607,15.523795444590451,12.514738425925925,60.30393402777778,0.5027037037037038,547.5015138888889,0,0,0,9.870447192024542
City_124,-70.19065358501818,-5.571725331232329,3642.822336261952,33.9406321126345,Industrial,6939,47697.98103776606,100,37.55799809581861,30.35676404417885,24.88688147049149,45.91833336437623,1736.5700420274395,13478.524528608132,30.90090341655716,3.0927507665352607,15.523795444590451,12.514738425925925,60.30393402777778,0.5027037037037038,547.5015138888889,0,0,0,9.870447192024542
City_125,-48.9716707424505,42.571717750906544,2948.588912875597,14.382573558941491,Water,6901,26604.44611987061,42,31.908930662417227,19.43631739382733,21.281664654731586,79.38617910363358,2062.9241775094188,24958.59539548415,30.90090341655716,3.0927507665352607,15.523795444590451,12.514738425925925,60.30393402777778,0.5027037037037038,547.5015138888889,0,0,0,9.870447192024542
City_126,-13.12059804727386,-47.19108975488194,2478.858167741127,27.250122270516645,Green Space,4508,11736.756494026982,98,51.95901974901493,12.014956172518335,3.1620413218938683,48.36389458358457,1906.5544554649032,20962.986186379585,30.90090341655716,3.0927507665352607,15.523795444590451,12.514738425925925,60.30393402777778,0.5027037037037038,547.5015138888889,0,0,0,9.870447192024542
City_127,57.24265786604877,-13.487502192066756,391.4404196013456,15.023342216476411,Industrial,2966,23489.210489487632,55,18.03397923559226,4.748263761418825,25.165615857122067,45.214125201730624,2168.9165057121936,49341.905048187,30.90090341655716,3.0927507665352607,15.523795444590451,12.514738425925925,60.30393402777778,0.5027037037037038,547.5015138888889,0,0,0,9.870447192024542
City_128,64.93150498614182,89.08953772815238,1838.039458818144,23.39569211182703,Green Space,2782,46049.98282406096,78,11.24858310585248,15.745922229444789,20.13038941598729,48.14139495547586,612.4278109197569,3740.3911562830576,30.90090341655716,3.0927507665352607,15.523795444590451,12.514738425925925,60.30393402777778,0.5027037037037038,547.5015138888889,0,0,0,9.870447192024542
City_129,-88.74861650438568,-166.79404695938476,1677.098326555413,12.416911241167991,Water,2356,9628.67809519914,36,32.45193839650629,4.832241714387614,20.910724980128983,70.76244532638897,1995.0412734930096,7966.887442980229,30.90090341655716,3.0927507665352607,15.523795444590451,12.514738425925925,60.30393402777778,0.5027037037037038,547.5015138888889,0,0,0,9.870447192024542
City_130,1.9345144639618328,-89.12270003615252,1168.892026921468,21.25927340645463,Green Space,8480,11483.894895723608,87,21.873927837612875,8.844847541199197,10.88948521211615,57.02022637087372,2201.7055146441908,3588.468801521521,30.90090341655716,3.0927507665352607,15.523795444590451,12.514738425925925,60.30393402777778,0.5027037037037038,547.5015138888889,0,0,0,9.870447192024542
City_131,-14.866019433219776,76.80585091843886,3255.390511598632,28.90408322238116,Green Space,2498,1638.4488200971036,78,12.480718666941872,49.366807928977295,26.3783866847102,62.61663759010152,1072.2700849166283,31666.21855413641,30.90090341655716,3.0927507665352607,15.523795444590451,12.514738425925925,60.30393402777778,0.5027037037037038,547.5015138888889,0,0,0,9.870447192024542
City_132,-50.02059411526856,142.27446156739177,2231.440807854469,18.68928810597455,Urban,5976,1695.3124203925918,132,46.22991434238145,22.20517784533093,21.761148007045723,40.84036627945443,1780.8945479865058,3670.954593272259,30.90090341655716,3.0927507665352607,15.523795444590451,12.514738425925925,60.30393402777778,0.5027037037037038,547.5015138888889,0,0,0,9.870447192024542
City_133,-68.42423387993709,4.203879161639804,364.7079715844157,26.62279311218045,Water,9928,41640.18972096712,82,15.579649997862374,26.593588325250828,3.377713995875834,41.37725234293258,1128.324127673944,41985.547131430045,30.90090341655716,3.0927507665352607,15.523795444590451,12.514738425925925,60.30393402777778,0.5027037037037038,547.5015138888889,0,0,0,9.870447192024542
City_134,-29.22926914734697,11.560854695513626,990.824408774151,29.88624901974323,Water,5169,36874.00773530483,91,40.415975000388585,43.680926436860766,12.23334103218488,57.83302199308065,2415.942132964908,26084.992903414462,30.90090341655716,3.0927507665352607,15.523795444590451,12.514738425925925,60.30393402777778,0.5027037037037038,547.5015138888889,0,0,0,9.870447192024542
City_135,79.72374670425344,-141.41807591768062,3074.664436468181,33.17944548698632,Green Space,9842,18397.011766145955,46,24.052487508344456,49.77844502453439,26.59141085880425,72.66620972806494,566.8471448710075,26823.37360449515,30.90090341655716,3.0927507665352607,15.523795444590451,12.514738425925925,60.30393402777778,0.5027037037037038,547.5015138888889,0,0,0,9.870447192024542
City_136,-31.82347223626406,-18.931547943556325,342.5888677063508,15.866052046386338,Urban,4818,35217.24670415107,54,18.6748025177511,29.135722467234075,1.41590105092137,75.40955514830262,1659.58568766591,28518.13087789752,30.90090341655716,3.0927507665352607,15.523795444590451,12.514738425925925,60.30393402777778,0.5027037037037038,547.5015138888889,0,0,0,9.870447192024542
City_137,3.382311913805893,11.742215923808343,3830.431113219459,19.982897895232703,Water,7564,20365.09038918854,160,28.987576145965875,40.623691052208585,28.842498589261485,43.46826270382561,833.0070940990302,9369.871609004324,30.90090341655716,3.0927507665352607,15.523795444590451,12.514738425925925,60.30393402777778,0.5027037037037038,547.5015138888889,0,0,0,9.870447192024542
City_138,36.54341260113202,-92.71061869149732,2228.1593715628846,13.810400333260436,Industrial,7946,47691.943003893546,58,50.072288811147686,16.347051216833762,20.374877049586885,61.53452408404091,1924.4404103543168,10686.824852609889,30.90090341655716,3.0927507665352607,15.523795444590451,12.514738425925925,60.30393402777778,0.5027037037037038,547.5015138888889,0,0,0,9.870447192024542
City_139,-24.54667157172709,-83.07243685822286,2162.639597969916,34.81208755395938,Green Space,1931,48385.5813898757,146,29.60467884522864,15.287197872364557,18.9412793293013,76.52918745117083,851.7805668373242,16622.04882077723,30.90090341655716,3.0927507665352607,15.523795444590451,12.514738425925925,60.30393402777778,0.5027037037037038,547.5015138888889,0,0,0,9.870447192024542
City_140,84.92077488977293,-44.177701282335846,2665.8350309678294,33.17502419810738,Water,6124,20246.895014657825,189,47.53848246055279,20.13518604972801,8.116777694639742,55.51891017591545,970.7665237967152,30081.32437527072,30.90090341655716,3.0927507665352607,15.523795444590451,12.514738425925925,60.30393402777778,0.5027037037037038,547.5015138888889,0,0,0,9.870447192024542
City_141,83.24051308958002,-172.77436880001852,3711.0643466631714,23.49892825701399,Industrial,7961,42856.87341070253,55,16.274314839957533,33.625363133682455,7.463753662175312,73.18263325713474,1488.741622091516,11295.771021070512,30.90090341655716,3.0927507665352607,15.523795444590451,12.514738425925925,60.30393402777778,0.5027037037037038,547.5015138888889,0,0,0,9.870447192024542
City_142,-44.67918675143445,-64.05150039005582,1565.1414355598688,31.05083235941053,Water,2319,38881.36304317584,153,48.63857098325396,34.10958446275494,28.261746584657864,45.347826175977445,2329.669899993756,6700.254629529801,30.90090341655716,3.0927507665352607,15.523795444590451,12.514738425925925,60.30393402777778,0.5027037037037038,547.5015138888889,0,0,0,9.870447192024542
City_143,-0.495268939370618,-103.87871748124392,3051.072686515786,23.023949431801057,Industrial,1630,16189.996921417676,173,21.84666624533244,15.76197173247254,8.948173627023682,77.41577958671195,923.4287442959416,48535.72743450318,30.90090341655716,3.0927507665352607,15.523795444590451,12.514738425925925,60.30393402777778,0.5027037037037038,547.5015138888889,0,0,0,9.870447192024542
City_144,-35.84190423298146,-62.10095321595072,2545.79383798106,25.589642200069,Green Space,7063,12369.951616154192,54,43.86965649444364,6.660496206831434,23.265158901569983,70.05693270125211,788.480042236207,2077.1089256715227,30.90090341655716,3.0927507665352607,15.523795444590451,12.514738425925925,60.30393402777778,0.5027037037037038,547.5015138888889,0,0,0,9.870447192024542
City_145,-38.72871101205583,-136.88563254506957,1201.627215762396,12.228110802900416,Water,3158,23453.49786924886,83,38.28907774204981,31.619812823275428,11.793653946212377,77.65337571147606,2017.9536637080607,40332.17286146506,30.90090341655716,3.0927507665352607,15.523795444590451,12.514738425925925,60.30393402777778,0.5027037037037038,547.5015138888889,0,0,0,9.870447192024542
City_146,-83.3603494761841,140.58982106636216,3953.834938598211,28.8817605124202,Water,4000,39286.09319010591,185,56.45723586058437,6.416293109438226,4.177622123541119,67.06468934210025,1501.2390646678618,39613.72232917608,30.90090341655716,3.0927507665352607,15.523795444590451,12.514738425925925,60.30393402777778,0.5027037037037038,547.5015138888889,0,0,0,9.870447192024542
City_147,19.721580116381432,33.69328327945752,3588.4170972311763,13.192837090880872,Urban,9066,48048.22145170852,102,29.366125898765706,28.924625411466504,0.3214589308607685,54.53615727997708,2323.5702247635427,15563.491578409705,30.90090341655716,3.0927507665352607,15.523795444590451,12.514738425925925,60.30393402777778,0.5027037037037038,547.5015138888889,0,0,0,9.870447192024542
City_148,0.4822241811950647,64.47683489201626,2963.0332559629146,30.651690756313208,Green Space,2620,38415.37437446206,149,13.308259441722022,34.67110640281545,16.327720110457523,77.5272469009889,793.2291143196846,7645.704184358356,30.90090341655716,3.0927507665352607,15.523795444590451,12.514738425925925,60.30393402777778,0.5027037037037038,547.5015138888889,0,0,0,9.870447192024542
City_149,-80.73382477500192,104.10164589864178,3827.617780924089,29.550702191759648,Industrial,4520,42905.14226590013,85,10.957774277562644,35.03057481972258,29.273364556467985,51.02267105236714,1791.8557860460787,8135.8036885657475,30.90090341655716,3.0927507665352607,15.523795444590451,12.514738425925925,60.30393402777778,0.5027037037037038,547.5015138888889,0,0,0,9.870447192024542
City_150,-39.84363643740994,-0.5608083855393886,3902.823904319111,27.71861744357441,Water,3759,30550.15100235531,94,51.34292804863765,37.67360553297984,11.074085814276136,53.2869008824693,965.75829230363,35174.14924462243,30.90090341655716,3.0927507665352607,15.523795444590451,12.514738425925925,60.30393402777778,0.5027037037037038,547.5015138888889,0,0,0,9.870447192024542
City_151,73.48785947399767,-148.70869628852748,3187.6333952176565,10.904009513119052,Water,2323,41934.98371126417,122,36.23678188307161,43.642971078283225,10.715770019791345,68.03233672006961,813.5208573032786,32497.52296322251,30.90090341655716,3.0927507665352607,15.523795444590451,12.514738425925925,60.30393402777778,0.5027037037037038,547.5015138888889,0,0,0,9.870447192024542
City_152,-46.878859679944966,13.35835505467719,3766.559977636524,17.578208898633214,Industrial,1974,39436.622042167466,115,48.76220259174746,24.997949598239423,10.322748535483262,70.61265198101545,1866.858830314541,39354.53803831795,30.90090341655716,3.0927507665352607,15.523795444590451,12.514738425925925,60.30393402777778,0.5027037037037038,547.5015138888889,0,0,0,9.870447192024542
City_153,-63.91892302357984,31.26280248751649,3138.621577511776,16.577814247771073,Green Space,2742,19472.291554387724,109,21.72128000057573,36.51245947647856,15.616315119145751,77.17613935396615,1687.3692398174665,46936.57744755613,30.90090341655716,3.0927507665352607,15.523795444590451,12.514738425925925,60.30393402777778,0.5027037037037038,547.5015138888889,0,0,0,9.870447192024542
City_154,-1.898503150038664,88.35821070635882,3060.633472921352,19.003410186787978,Urban,3743,28047.52480391533,198,27.254187275661685,30.95863676829184,13.219946502728806,48.19209636224838,2009.6549167246624,34904.44080006301,30.90090341655716,3.0927507665352607,15.523795444590451,12.514738425925925,60.30393402777778,0.5027037037037038,547.5015138888889,0,0,0,9.870447192024542
City_155,87.41708173990813,-24.602563357315432,2783.751201968329,12.191068669095964,Urban,7490,40432.90297749505,137,11.505193610565946,9.331996989884129,26.397438801810434,71.91992140876896,1118.9251528923646,8636.72529102073,30.90090341655716,3.0927507665352607,15.523795444590451,12.514738425925925,60.30393402777778,0.5027037037037038,547.5015138888889,0,0,0,9.870447192024542
City_156,-46.43005112792993,-134.07109099359704,3387.224878009385,33.42394557577657,Water,5660,3256.779975307862,147,58.07461622870561,1.2844822434704084,15.16562375170471,69.54184213587854,1395.94331276438,12928.688221505125,30.90090341655716,3.0927507665352607,15.523795444590451,12.514738425925925,60.30393402777778,0.5027037037037038,547.5015138888889,0,0,0,9.870447192024542
City_157,30.98439853305814,-77.8406739124592,713.7229738188316,23.845056017809405,Industrial,3634,40595.88483543567,186,43.39339533504067,14.227069283846689,15.232735145657063,42.55178225014392,1310.9433526608368,42267.49281278261,30.90090341655716,3.0927507665352607,15.523795444590451,12.514738425925925,60.30393402777778,0.5027037037037038,547.5015138888889,0,0,0,9.870447192024542
City_158,47.09153075916916,-49.29037329649137,3963.918416395178,17.638107766450588,Water,2570,9716.518078402149,112,56.66025438796531,22.15168531688097,4.151147841616698,55.48892564840828,2468.1789279330287,11255.99771587622,30.90090341655716,3.0927507665352607,15.523795444590451,12.514738425925925,60.30393402777778,0.5027037037037038,547.5015138888889,0,0,0,9.870447192024542
City_159,-47.22524208136806,52.53020687937644,3923.295874853544,19.924537926857084,Industrial,859,26219.49723895051,176,23.27482037145361,30.855297221432814,29.48218622731158,51.31061828240394,1084.497913478776,4553.593530769589,30.90090341655716,3.0927507665352607,15.523795444590451,12.514738425925925,60.30393402777778,0.5027037037037038,547.5015138888889,0,0,0,9.870447192024542
City_160,41.07894275013473,25.48018968080828,131.61277365551615,21.18006351262089,Urban,1641,40605.49653824094,198,40.57318056128304,42.497966525160265,7.49918672606489,52.17961697416122,1089.6344766935338,35460.722648070274,30.90090341655716,3.0927507665352607,15.523795444590451,12.514738425925925,60.30393402777778,0.5027037037037038,547.5015138888889,0,0,0,9.870447192024542
City_161,-23.799036110534416,-51.80517867677534,3716.175377541432,25.014858334015432,Green Space,2135,13437.232829678049,44,43.92499841463189,9.812285835308282,2.20092202378808,79.31787518218803,1209.0964176572147,20723.79141901696,30.90090341655716,3.0927507665352607,15.523795444590451,12.514738425925925,60.30393402777778,0.5027037037037038,547.5015138888889,0,0,0,9.870447192024542
City_162,23.815049506844304,175.1454895654727,579.9144036305034,22.891985692412444,Industrial,4500,13044.564526001495,160,25.877485012879426,6.277489494923855,19.894387469256262,65.71109653919711,1629.188162580643,46081.96257474928,30.90090341655716,3.0927507665352607,15.523795444590451,12.514738425925925,60.30393402777778,0.5027037037037038,547.5015138888889,0,0,0,9.870447192024542
City_163,24.035347936961045,38.07893496847939,1508.0348441661386,32.98479933036043,Urban,3861,20735.45552465034,168,52.40546175078151,48.173997373716375,17.86099110470618,68.70704631173999,1004.6454885274904,32862.498483589414,30.90090341655716,3.0927507665352607,15.523795444590451,12.514738425925925,60.30393402777778,0.5027037037037038,547.5015138888889,0,0,0,9.870447192024542
City_164,6.439443133456521,-94.598354975042,3345.7871533122348,22.424087072645754,Water,7083,44837.49708130409,59,57.35807314501239,5.402227968820355,12.454369619782373,79.06470549260037,2330.579880758548,5430.529911791376,30.90090341655716,3.0927507665352607,15.523795444590451,12.514738425925925,60.30393402777778,0.5027037037037038,547.5015138888889,0,0,0,9.870447192024542
City_165,-73.7478413902065,-143.35830985665467,723.419532217387,34.80395037058282,Industrial,8335,1021.6962904231864,86,54.24275588480022,23.92455350535946,12.66576701642034,55.08807129830555,1031.371129732527,47444.971795429374,30.90090341655716,3.0927507665352607,15.523795444590451,12.514738425925925,60.30393402777778,0.5027037037037038,547.5015138888889,0,0,0,9.870447192024542
City_166,60.35444920606284,-124.97070989364047,3680.85160853578,31.285623943627392,Green Space,506,45167.771735454815,175,46.95334879696863,29.27818643966509,23.551917631392936,72.07360673811223,2291.631463120389,13669.305918372049,30.90090341655716,3.0927507665352607,15.523795444590451,12.514738425925925,60.30393402777778,0.5027037037037038,547.5015138888889,0,0,0,9.870447192024542
City_167,-32.25958830508755,-91.45521778157708,3744.60380080984,15.212762858933395,Water,3767,8536.544207438781,157,23.8732339862477,27.068721045371912,5.871379202989472,57.381238532179815,706.9501272931693,17523.412029908002,30.90090341655716,3.0927507665352607,15.523795444590451,12.514738425925925,60.30393402777778,0.5027037037037038,547.5015138888889,0,0,0,9.870447192024542
City_168,-56.42666812802624,-122.15470562655996,2283.604801923763,33.264880366097906,Water,7064,49514.23242730662,77,24.080802105281585,4.3016078516471605,24.607599568346693,74.78134687259919,1813.1254047993043,20710.76027049356,30.90090341655716,3.0927507665352607,15.523795444590451,12.514738425925925,60.30393402777778,0.5027037037037038,547.5015138888889,0,0,0,9.870447192024542
City_169,-82.6604745201425,-112.83587134152992,28.73642272575111,12.909159947136905,Urban,5428,47787.502658884936,165,58.1680160223019,2.851345700180969,19.462413416850545,47.22630165245213,2313.9710368764872,3509.990523811349,30.90090341655716,3.0927507665352607,15.523795444590451,12.514738425925925,60.30393402777778,0.5027037037037038,547.5015138888889,0,0,0,9.870447192024542
City_170,16.36072977388352,-77.36573927021504,1291.6715992871077,30.43624271227979,Industrial,3106,25239.08428997288,51,10.5142247967846,5.274171373051784,12.569093213385733,77.90744708257118,837.4988767964591,25329.25568929964,30.90090341655716,3.0927507665352607,15.523795444590451,12.514738425925925,60.30393402777778,0.5027037037037038,547.5015138888889,0,0,0,9.870447192024542
City_171,31.961585131610832,-117.58550569388828,2776.17113269084,19.515582336914505,Water,6406,26123.29214281878,35,45.802498662107226,29.279384193630623,13.740858497516058,48.75086833643519,2436.6539201985097,7042.60606268932,30.90090341655716,3.0927507665352607,15.523795444590451,12.514738425925925,60.30393402777778,0.5027037037037038,547.5015138888889,0,0,0,9.870447192024542
City_172,-87.01419079298589,142.83555286551308,4415.337801123405,31.949358011126737,Green Space,3773,24595.91767351686,133,45.31230812776311,27.217244381716053,7.699416215582874,53.04882027923726,1405.7667208310231,20647.54600772924,30.90090341655716,3.0927507665352607,15.523795444590451,12.514738425925925,60.30393402777778,0.5027037037037038,547.5015138888889,0,0,0,9.870447192024542
City_173,2.176750493870572,-151.1158515618088,2843.160871575008,31.70141725268626,Industrial,8111,32136.73863731661,65,41.134477047489874,11.687039601837212,22.563429980909245,70.24768936427122,2391.4302168820486,18184.77961161213,30.90090341655716,3.0927507665352607,15.523795444590451,12.514738425925925,60.30393402777778,0.5027037037037038,547.5015138888889,0,0,0,9.870447192024542
City_174,-49.230760464371166,8.824100245291675,1169.1161147887192,30.148135002940528,Green Space,1413,5445.36340951162,108,59.50544230434329,31.88870709227957,15.386242269158032,55.75020566261627,1853.640087260094,38869.164087898665,30.90090341655716,3.0927507665352607,15.523795444590451,12.514738425925925,60.30393402777778,0.5027037037037038,547.5015138888889,0,0,0,9.870447192024542
City_175,26.13110227370097,-32.25714228372186,2853.025663948251,29.750760907676536,Water,2511,2598.279468736758,145,25.59397178818626,41.00337510278247,9.625636282495307,64.32845507065787,1103.1737397471031,40355.35507000383,30.90090341655716,3.0927507665352607,15.523795444590451,12.514738425925925,60.30393402777778,0.5027037037037038,547.5015138888889,0,0,0,9.870447192024542
City_176,-58.61404277910154,173.6563020870983,2429.934208721349,17.61697847745102,Green Space,1942,3827.443492379044,86,26.998593189662408,2.078947992329688,17.881503472828506,57.78294004277714,876.6050498342129,8517.231237065313,30.90090341655716,3.0927507665352607,15.523795444590451,12.514738425925925,60.30393402777778,0.5027037037037038,547.5015138888889,0,0,0,9.870447192024542
City_177,34.36879285844387,-139.66599521950116,3509.304278180146,12.022982076281306,Urban,6046,22773.902112834206,78,13.946970147327775,24.90649717740212,29.87203356153969,69.69479748359127,1107.4700924501988,18961.008181582085,30.90090341655716,3.0927507665352607,15.523795444590451,12.514738425925925,60.30393402777778,0.5027037037037038,547.5015138888889,0,0,0,9.870447192024542
City_178,-20.38763766590327,-36.771984343533006,481.4128747213129,20.07450446912904,Green Space,2329,14501.849021754686,111,32.13990682718688,34.465520605134515,13.057868389696615,49.13325009474443,686.0348185253499,19294.30489055976,30.90090341655716,3.0927507665352607,15.523795444590451,12.514738425925925,60.30393402777778,0.5027037037037038,547.5015138888889,0,0,0,9.870447192024542
City_179,78.61139797261222,169.0093559791328,3424.6255612591262,14.338112874662716,Industrial,9267,31479.93855617869,95,23.052426311742405,12.615596353484356,27.620742023358588,42.33831948947508,787.7359326866595,8419.111752868168,30.90090341655716,3.0927507665352607,15.523795444590451,12.514738425925925,60.30393402777778,0.5027037037037038,547.5015138888889,0,0,0,9.870447192024542
City_180,-65.2462300537212,131.58256532183287,2435.699604042496,27.373777222561543,Green Space,6968,49629.67217936417,106,27.16933510888221,15.388545264657456,10.350505197736982,51.99717589892265,709.3208806929623,40124.22174750834,30.90090341655716,3.0927507665352607,15.523795444590451,12.514738425925925,60.30393402777778,0.5027037037037038,547.5015138888889,0,0,0,9.870447192024542
City_181,-28.60805681095347,114.1459455417408,4333.464017365476,18.65249316344464,Green Space,1429,19929.83548074683,74,51.72858951278138,30.68189514946919,1.6419812077495766,58.97234659473721,1345.8870874831157,35654.18808843574,30.90090341655716,3.0927507665352607,15.523795444590451,12.514738425925925,60.30393402777778,0.5027037037037038,547.5015138888889,0,0,0,9.870447192024542
City_182,-69.57476617669397,-87.15498226382167,1538.424747174087,34.39025502149787,Urban,4199,29118.22145112116,108,56.77422567637478,44.89676467218685,6.127263191052866,46.72080208770714,2091.156752515173,10328.707528554702,30.90090341655716,3.0927507665352607,15.523795444590451,12.514738425925925,60.30393402777778,0.5027037037037038,547.5015138888889,0,0,0,9.870447192024542
City_183,76.44485129014129,-118.48046853957632,2846.7985191027665,26.0243019336333,Green Space,1554,21364.59089945944,49,19.28665360025928,40.49622101514497,12.560854299830526,54.19189158625555,782.7671084326804,18969.37352109616,30.90090341655716,3.0927507665352607,15.523795444590451,12.514738425925925,60.30393402777778,0.5027037037037038,547.5015138888889,0,0,0,9.870447192024542
City_184,67.9210836085766,60.71155917279515,4194.126474795079,30.562014090859023,Green Space,6244,42516.31171837111,152,28.62544657767329,29.156510954979176,6.589047857837071,55.99932073174274,760.6408663446717,6184.446217969196,30.90090341655716,3.0927507665352607,15.523795444590451,12.514738425925925,60.30393402777778,0.5027037037037038,547.5015138888889,0,0,0,9.870447192024542
City_185,-43.57050701127199,154.57535608593088,461.29377595805664,13.313116818546211,Water,2400,45209.58376964967,96,56.4315281057697,36.51108588786246,0.0068111465476661,42.29567374753094,1786.8578990346616,31782.12325755916,30.90090341655716,3.0927507665352607,15.523795444590451,12.514738425925925,60.30393402777778,0.5027037037037038,547.5015138888889,0,0,0,9.870447192024542
City_186,28.79712828615223,20.43464148501471,4217.52819256403,31.550362056815565,Water,7480,43990.424998057744,112,13.090423034461132,18.241123510389933,27.45004613242582,63.33228992736818,894.3659639361326,6947.224302882364,30.90090341655716,3.0927507665352607,15.523795444590451,12.514738425925925,60.30393402777778,0.5027037037037038,547.5015138888889,0,0,0,9.870447192024542
City_187,57.09999603621884,25.78056820916396,3095.48575035366,33.068929762834856,Industrial,7569,48744.23969528362,32,14.618026405568926,32.04827640493789,25.31638233692787,75.3737371188515,695.2200762179832,49310.77426262097,30.90090341655716,3.0927507665352607,15.523795444590451,12.514738425925925,60.30393402777778,0.5027037037037038,547.5015138888889,0,0,0,9.870447192024542
City_188,9.936146087903223,-79.20752628229769,305.26676597327355,22.1765479704734,Water,3915,2348.440071880349,93,18.139549460311468,23.30907955637785,22.26876694460841,46.0697165181221,833.6971564111552,39253.42165970525,30.90090341655716,3.0927507665352607,15.523795444590451,12.514738425925925,60.30393402777778,0.5027037037037038,547.5015138888889,0,0,0,9.870447192024542
City_189,5.337104104081163,97.01745594909728,1354.3360512606732,25.15632344377444,Water,942,42150.99194513102,69,39.76064170634373,9.496806822878046,5.034437869380859,63.91232053606056,2347.462791753552,20121.68892961576,30.90090341655716,3.0927507665352607,15.523795444590451,12.514738425925925,60.30393402777778,0.5027037037037038,547.5015138888889,0,0,0,9.870447192024542
City_190,-46.4665876379187,-112.66425051929158,3186.774398903767,29.120245022574885,Water,6718,37836.83647891557,88,17.523613550299874,35.08691369386286,3.6109072862995815,66.58956819643385,2142.9425055523816,29349.632681688367,30.90090341655716,3.0927507665352607,15.523795444590451,12.514738425925925,60.30393402777778,0.5027037037037038,547.5015138888889,0,0,0,9.870447192024542
City_191,-73.24150179493815,-63.47547489447227,303.0777066094726,14.370965681510311,Water,5152,12206.026060617874,91,58.40381907253668,27.823231867441105,2.028142484171495,56.77338721677153,1208.129124710188,45655.74899460403,30.90090341655716,3.0927507665352607,15.523795444590451,12.514738425925925,60.30393402777778,0.5027037037037038,547.5015138888889,0,0,0,9.870447192024542
City_192,71.49883643159882,-26.842882098089973,2619.76707079323,22.56415191158606,Urban,8439,47859.68457598885,161,32.33572636292602,17.93107909767957,21.72087566318764,68.0439034945708,1811.6415346547856,28150.86473939548,30.90090341655716,3.0927507665352607,15.523795444590451,12.514738425925925,60.30393402777778,0.5027037037037038,547.5015138888889,0,0,0,9.870447192024542
City_193,72.07525028939949,2.7397363264038006,1556.4737562883054,19.966575694307828,Water,8333,8260.718483267327,89,35.07589801750832,45.566959503931535,27.86423882063656,56.42926173964048,1574.551347336076,9550.425833499805,30.90090341655716,3.0927507665352607,15.523795444590451,12.514738425925925,60.30393402777778,0.5027037037037038,547.5015138888889,0,0,0,9.870447192024542
City_194,23.95826230918823,-92.73249633057112,2794.119829953647,13.659349804056228,Urban,9870,34297.94642956151,145,22.332930790270325,1.0467058913366634,12.91607462739111,60.1854915190974,1854.248526965128,19556.46442347681,30.90090341655716,3.0927507665352607,15.523795444590451,12.514738425925925,60.30393402777778,0.5027037037037038,547.5015138888889,0,0,0,9.870447192024542
City_195,-28.97463761123388,-138.65874309388673,205.83915215630785,19.188360557288284,Urban,8097,12019.620623979712,104,33.548012621736675,15.7886575624748,3.574220159881445,40.29412178217708,1865.3423049255184,42314.098386457525,30.90090341655716,3.0927507665352607,15.523795444590451,12.514738425925925,60.30393402777778,0.5027037037037038,547.5015138888889,0,0,0,9.870447192024542
City_196,-27.14227656972104,39.82321527898773,3921.915627685693,11.70430773463734,Water,4958,22137.65178992966,151,43.095681631850574,2.844069888882328,15.371784621963196,67.66880456538755,1757.4680301199858,32566.43778349128,30.90090341655716,3.0927507665352607,15.523795444590451,12.514738425925925,60.30393402777778,0.5027037037037038,547.5015138888889,0,0,0,9.870447192024542
City_197,40.6720221966431,-76.09300083350792,4380.700361298286,10.645297673737174,Green Space,7091,36238.83495028388,136,47.55885684770214,38.32636581108136,10.464957223758905,66.45370715778898,1032.2027370746173,32885.49483235621,30.90090341655716,3.0927507665352607,15.523795444590451,12.514738425925925,60.30393402777778,0.5027037037037038,547.5015138888889,0,0,0,9.870447192024542
City_198,71.47984679146387,29.245759712140423,4359.950348785612,13.379157228870568,Urban,9949,28602.907459619288,125,47.69340413549565,35.10537270568963,11.244747730499933,41.53603509305378,578.0128415256363,43474.25279873597,30.90090341655716,3.0927507665352607,15.523795444590451,12.514738425925925,60.30393402777778,0.5027037037037038,547.5015138888889,0,0,0,9.870447192024542
City_199,69.67555636772113,-124.42942250128718,3373.433242843161,34.07787778972934,Green Space,2809,21947.589735077472,120,38.89455563470442,16.567610936815854,18.63991872467122,54.73000429580532,1411.1335639802176,44804.67981566273,30.90090341655716,3.0927507665352607,15.523795444590451,12.514738425925925,60.30393402777778,0.5027037037037038,547.5015138888889,0,0,0,9.870447192024542
City_200,50.37759825437229,-6.789563332265715,585.3880805878439,23.738238397375422,Green Space,6768,16990.583115667374,187,55.217988749692864,33.78314511035365,21.56154339786607,79.16127363166669,2281.947769381408,46069.83601719238,30.90090341655716,3.0927507665352607,15.523795444590451,12.514738425925925,60.30393402777778,0.5027037037037038,547.5015138888889,0,0,0,9.870447192024542
City_201,25.5656963077718,11.73219571857092,3412.1843816806017,34.1455540288305,Water,1410,42143.32312973073,159,50.87039236530547,19.79686130979749,3.3181079661948254,56.82946250274468,1638.9945170371518,5647.610469404649,30.90090341655716,3.0927507665352607,15.523795444590451,12.514738425925925,60.30393402777778,0.5027037037037038,547.5015138888889,0,0,0,9.870447192024542
City_202,-74.85480630089121,-161.3435267439263,110.6411240646068,20.8124469582533,Industrial,4840,8046.903165425871,91,47.85240573493128,37.81268957112172,1.0677069241942916,60.07781620527367,2164.782083403816,27662.174096191942,30.90090341655716,3.0927507665352607,15.523795444590451,12.514738425925925,60.30393402777778,0.5027037037037038,547.5015138888889,0,0,0,9.870447192024542
City_203,-60.90683146296952,-58.822459850188594,99.55598188048764,17.79540332713149,Water,4509,22075.040949960203,78,12.780276084023033,22.709183136835303,29.829909080571447,76.39720632638874,2483.2486859224564,37284.96653969761,30.90090341655716,3.0927507665352607,15.523795444590451,12.514738425925925,60.30393402777778,0.5027037037037038,547.5015138888889,0,0,0,9.870447192024542
City_204,71.73975393487427,-131.61071630196926,1456.2459861729355,22.653546571006103,Industrial,7128,45284.12101698197,166,10.343898110982463,20.61398639158328,6.981850467466555,68.69047503463025,827.2324082765525,38089.41541122368,30.90090341655716,3.0927507665352607,15.523795444590451,12.514738425925925,60.30393402777778,0.5027037037037038,547.5015138888889,0,0,0,9.870447192024542
City_205,19.157230738726184,-157.18501062980363,2198.894356820996,20.98779221582275,Industrial,2669,42446.627972538416,121,20.62236385977365,46.73649577441505,1.6149157472537723,63.28280524496894,1883.5552782839643,30729.09389653019,30.90090341655716,3.0927507665352607,15.523795444590451,12.514738425925925,60.30393402777778,0.5027037037037038,547.5015138888889,0,0,0,9.870447192024542
City_206,-88.34453070900666,176.38568366038027,3466.833380135069,12.6416171065436,Water,2672,20646.14636117929,188,43.176179695672616,12.543954994535012,5.696259872877599,71.9121872536429,1848.5871474000487,9172.579424000034,30.90090341655716,3.0927507665352607,15.523795444590451,12.514738425925925,60.30393402777778,0.5027037037037038,547.5015138888889,0,0,0,9.870447192024542
City_207,-71.73512228411423,-63.952615809099726,3074.829194729273,26.02065786725516,Water,6168,38392.309816464105,153,30.55987444412729,6.022366999828272,1.1687353904539266,74.57465065823894,2459.910894716557,40073.60714314156,30.90090341655716,3.0927507665352607,15.523795444590451,12.514738425925925,60.30393402777778,0.5027037037037038,547.5015138888889,0,0,0,9.870447192024542
City_208,29.430318439450048,111.55480050766856,2006.5621786953675,15.40095456273999,Industrial,6813,41334.8807047341,90,30.120312964965585,29.22715566297291,11.75432683851515,58.27552286949067,2471.201467905601,36285.45534223234,30.90090341655716,3.0927507665352607,15.523795444590451,12.514738425925925,60.30393402777778,0.5027037037037038,547.5015138888889,0,0,0,9.870447192024542
City_209,-89.08891490768063,-88.32936428504502,1231.3199982674964,25.48969887244574,Water,8815,44555.483776177854,77,54.22934441148069,48.466090614208944,24.072053533539727,59.00433459727341,1873.357223448259,5220.652805902778,30.90090341655716,3.0927507665352607,15.523795444590451,12.514738425925925,60.30393402777778,0.5027037037037038,547.5015138888889,0,0,0,9.870447192024542
City_210,-61.054550744850246,65.34098000061454,4487.0602507097,26.255027309953835,Industrial,8536,27680.78268341217,182,54.77814240659194,18.891960686359333,10.23733349273162,55.44203742607343,987.2295839643886,23726.681409044435,30.90090341655716,3.0927507665352607,15.523795444590451,12.514738425925925,60.30393402777778,0.5027037037037038,547.5015138888889,0,0,0,9.870447192024542
City_211,8.772082085985502,93.68202956028716,1917.8158600618783,13.800621328216202,Green Space,7289,11018.583416680878,193,55.458763202679286,3.101838181439076,13.325502206350995,78.66824560073843,2097.111676261198,9524.892576568376,30.90090341655716,3.0927507665352607,15.523795444590451,12.514738425925925,60.30393402777778,0.5027037037037038,547.5015138888889,0,0,0,9.870447192024542
City_212,34.54113558468478,34.42994661882395,2031.24160948354,11.533740677766705,Water,1285,13510.14474869265,165,25.693903825751363,16.96526336547837,20.267603207023164,67.88665017161401,714.0582684220763,17536.375239935624,30.90090341655716,3.0927507665352607,15.523795444590451,12.514738425925925,60.30393402777778,0.5027037037037038,547.5015138888889,0,0,0,9.870447192024542
City_213,27.3530267104681,-10.23257212194298,736.3071953625114,29.519039651711,Green Space,6639,15489.039028038604,87,44.55279063696309,25.296582715977923,15.266822102096404,43.328922648322894,2061.3986083432574,1885.9735180785865,30.90090341655716,3.0927507665352607,15.523795444590451,12.514738425925925,60.30393402777778,0.5027037037037038,547.5015138888889,0,0,0,9.870447192024542
City_214,-49.63152429709924,-31.737270906983326,3576.6429693746823,21.495010594233005,Urban,6844,30096.32155967116,130,23.581659063718483,8.096150331610685,25.843370580639725,74.51838493252075,2320.392248289393,20616.16355212716,30.90090341655716,3.0927507665352607,15.523795444590451,12.514738425925925,60.30393402777778,0.5027037037037038,547.5015138888889,0,0,0,9.870447192024542
City_215,38.19225984255647,-54.40742404452169,3121.570016016699,11.454094887636897,Green Space,2916,2607.671582301813,141,19.53049165372249,32.9051109028246,25.981070251372696,59.222397633450726,1265.6667895368705,27943.969136654312,30.90090341655716,3.0927507665352607,15.523795444590451,12.514738425925925,60.30393402777778,0.5027037037037038,547.5015138888889,0,0,0,9.870447192024542
City_216,-47.29516425057599,154.63049192921733,993.4632575494218,34.87165792924418,Green Space,9488,32166.080970218445,91,19.23162286736846,49.88746945051003,0.2973208647346093,42.7501562568995,1761.270589966161,31359.547048527256,30.90090341655716,3.0927507665352607,15.523795444590451,12.514738425925925,60.30393402777778,0.5027037037037038,547.5015138888889,0,0,0,9.870447192024542
City_217,-31.428054331331808,119.02298680358253,370.7147052712921,11.444514024909166,Industrial,4654,18853.35768298337,68,27.1053810431797,22.58697379907219,23.34138919449597,61.98869020653244,1360.2854641936526,33511.02691130679,30.90090341655716,3.0927507665352607,15.523795444590451,12.514738425925925,60.30393402777778,0.5027037037037038,547.5015138888889,0,0,0,9.870447192024542
City_218,44.36845292124434,167.40968783994452,3062.246859336209,27.37588072146383,Green Space,6119,15466.848321992466,87,31.497880988991085,17.736427836510632,13.822008007250217,56.68657115902808,1375.5301099762569,41978.27434202054,30.90090341655716,3.0927507665352607,15.523795444590451,12.514738425925925,60.30393402777778,0.5027037037037038,547.5015138888889,0,0,0,9.870447192024542
City_219,26.93392182849864,-135.2529995452039,2945.3004642651085,34.59197313158534,Water,2436,44095.33196567819,128,51.54745855275342,20.035208341723333,29.66521623910989,75.109976194505,1120.7417782162402,11557.68245651077,30.90090341655716,3.0927507665352607,15.523795444590451,12.514738425925925,60.30393402777778,0.5027037037037038,547.5015138888889,0,0,0,9.870447192024542
City_220,62.86021388895202,83.11229107331195,1229.667871491942,15.97950260539814,Industrial,4307,23540.117383459143,73,15.994554673635603,5.757308919760057,14.496962276263057,48.15978414437549,2024.2592409006493,6903.60929948493,30.90090341655716,3.0927507665352607,15.523795444590451,12.514738425925925,60.30393402777778,0.5027037037037038,547.5015138888889,0,0,0,9.870447192024542
City_221,28.37032061406181,157.80256445557364,4278.886030126847,13.556234217179904,Urban,7651,5657.599231101946,58,46.74629236974471,44.16368007131119,29.606878361648924,73.05858437968732,2372.3531283330103,42725.32142299836,30.90090341655716,3.0927507665352607,15.523795444590451,12.514738425925925,60.30393402777778,0.5027037037037038,547.5015138888889,0,0,0,9.870447192024542
City_222,12.29554860038489,-114.75609618036236,679.7605130140511,13.034623485560722,Water,9993,41510.5916332861,88,36.57274570946527,20.7412827760676,22.637080836172096,62.3075476474181,2381.5017184689223,8674.027929739845,30.90090341655716,3.0927507665352607,15.523795444590451,12.514738425925925,60.30393402777778,0.5027037037037038,547.5015138888889,0,0,0,9.870447192024542
City_223,-73.13854179094335,-156.0613437479601,1945.5066046917088,17.58187868918989,Urban,3736,3334.4216143888234,100,24.397267133799623,19.363720571242062,7.458146538399189,42.18441212853876,849.5625697498676,48763.24398547357,30.90090341655716,3.0927507665352607,15.523795444590451,12.514738425925925,60.30393402777778,0.5027037037037038,547.5015138888889,0,0,0,9.870447192024542
City_224,-23.811155449301964,86.80343374442128,4246.271640754195,12.526145275266169,Green Space,2852,36610.71198424164,121,34.64097922664123,32.98451364652372,16.15184937860873,78.87381205301938,2249.487299313132,42284.37324053321,30.90090341655716,3.0927507665352607,15.523795444590451,12.514738425925925,60.30393402777778,0.5027037037037038,547.5015138888889,0,0,0,9.870447192024542
City_225,-42.26357381728942,26.81032074476829,1888.7729261675504,27.3040335423533,Water,2432,38921.40486676259,38,24.99710348885113,22.101671046556177,29.76406918435748,60.504609764128,1974.862882854244,25542.95368859036,30.90090341655716,3.0927507665352607,15.523795444590451,12.514738425925925,60.30393402777778,0.5027037037037038,547.5015138888889,0,0,0,9.870447192024542
City_226,-46.08186419176496,123.05835963297795,2873.366764488385,11.557294953251567,Water,9056,18277.52769051405,156,39.8040977619153,32.4116734403923,25.72591823255771,51.6350741692633,1005.6748013805784,49089.64982117924,30.90090341655716,3.0927507665352607,15.523795444590451,12.514738425925925,60.30393402777778,0.5027037037037038,547.5015138888889,0,0,0,9.870447192024542
City_227,85.14189985544022,-129.6819444145358,1789.1747908325742,22.735553203744743,Urban,5416,41414.60495761155,163,31.69219614276221,3.072314506539376,2.921006813736633,58.77627367957032,634.5692258430291,5771.459726292206,30.90090341655716,3.0927507665352607,15.523795444590451,12.514738425925925,60.30393402777778,0.5027037037037038,547.5015138888889,0,0,0,9.870447192024542
City_228,-19.24240955998313,106.29623226956043,1233.968410569015,34.91742134632442,Water,5998,26267.310886966217,186,18.22027645394394,40.68616718611137,21.191159904299884,74.31431134069956,1035.994533768756,15850.22229757998,30.90090341655716,3.0927507665352607,15.523795444590451,12.514738425925925,60.30393402777778,0.5027037037037038,547.5015138888889,0,0,0,9.870447192024542
City_229,70.5683799318804,-107.41416478281197,4427.899415819227,30.34925673765047,Water,1446,23701.38901036705,174,15.829153727784837,47.02519764397013,10.367387576124392,52.19612497540254,2324.416473563051,32272.99633698996,30.90090341655716,3.0927507665352607,15.523795444590451,12.514738425925925,60.30393402777778,0.5027037037037038,547.5015138888889,0,0,0,9.870447192024542
City_230,23.60495267950732,-121.08386056834638,1842.0030284176933,25.38048595577527,Water,1939,3224.760791965935,173,37.33478410360651,32.4382693079693,0.2094678564104435,47.707055859468014,1766.3573497915445,18150.33655518576,30.90090341655716,3.0927507665352607,15.523795444590451,12.514738425925925,60.30393402777778,0.5027037037037038,547.5015138888889,0,0,0,9.870447192024542
City_231,53.06603463749673,-120.86431274484256,4023.446416556105,17.656340519665292,Green Space,8230,15211.430488796388,160,55.12065166430517,47.72829644294054,12.104429070809989,45.16284987723526,1942.109321795744,46490.2550470588,30.90090341655716,3.0927507665352607,15.523795444590451,12.514738425925925,60.30393402777778,0.5027037037037038,547.5015138888889,0,0,0,9.870447192024542
City_232,0.4746767589345779,113.24689928329758,1034.7957265098878,25.59739590729096,Urban,5357,46619.48857337969,50,27.19788432788428,7.571615718498164,7.042632651749139,51.91437593560845,1014.3047022181916,4215.678320713061,30.90090341655716,3.0927507665352607,15.523795444590451,12.514738425925925,60.30393402777778,0.5027037037037038,547.5015138888889,0,0,0,9.870447192024542
City_233,13.842699232744636,59.47099945063204,958.9711681128748,23.17603659779129,Water,840,20199.3742008915,93,46.65000536113116,23.870809474017683,24.566078115614147,71.20192348160174,1938.7763111496408,27921.179770987263,30.90090341655716,3.0927507665352607,15.523795444590451,12.514738425925925,60.30393402777778,0.5027037037037038,547.5015138888889,0,0,0,9.870447192024542
City_234,-1.346815112604503,8.30355291688295,140.10337298030112,20.65208459725929,Industrial,882,27788.325507281646,119,42.93306774698835,30.090336697272363,10.119918265372965,58.865054607810464,556.2430125558475,29952.44710236061,30.90090341655716,3.0927507665352607,15.523795444590451,12.514738425925925,60.30393402777778,0.5027037037037038,547.5015138888889,0,0,0,9.870447192024542
City_235,-54.85626219635199,-50.82102571553909,2932.5007141914825,13.267759418504989,Industrial,8991,27069.062270228336,65,56.57774571547405,29.086832371059334,24.82571081861452,49.0992641477416,1250.6426915460274,32983.67806508398,30.90090341655716,3.0927507665352607,15.523795444590451,12.514738425925925,60.30393402777778,0.5027037037037038,547.5015138888889,0,0,0,9.870447192024542
City_236,40.04138074707095,135.79219469271897,1658.368546756925,32.16510538101167,Industrial,638,29931.12340131197,91,51.049050864957046,20.07308895445216,0.0179381650438592,46.64739998438997,1753.5066970846624,13527.644943258909,30.90090341655716,3.0927507665352607,15.523795444590451,12.514738425925925,60.30393402777778,0.5027037037037038,547.5015138888889,0,0,0,9.870447192024542
City_237,-39.46097476064595,-38.71976132785127,3889.612124278367,21.24461622053306,Industrial,858,4005.216826520848,199,38.33026294527315,16.90422046831307,9.234574500783577,53.30917906041516,792.1931310826404,18863.75494847336,30.90090341655716,3.0927507665352607,15.523795444590451,12.514738425925925,60.30393402777778,0.5027037037037038,547.5015138888889,0,0,0,9.870447192024542
City_238,-85.62312604233831,113.97579820976772,2129.444580112008,14.865562795519129,Green Space,5431,18746.63648513769,105,42.85152491170537,6.34120112752094,7.234956429232858,77.59697491542835,2146.0071488938693,42340.34595358391,30.90090341655716,3.0927507665352607,15.523795444590451,12.514738425925925,60.30393402777778,0.5027037037037038,547.5015138888889,0,0,0,9.870447192024542
City_239,26.1850132632902,-21.91143291472136,4356.870425616248,19.19398377193224,Water,3956,36433.28542024516,199,54.91932332920175,19.58712252811391,7.00702083205833,53.721068503600975,970.0625976238372,10552.195679537832,30.90090341655716,3.0927507665352607,15.523795444590451,12.514738425925925,60.30393402777778,0.5027037037037038,547.5015138888889,0,0,0,9.870447192024542
City_240,-58.1200777067312,-44.30000540703327,834.8648206640452,20.353243813223173,Urban,2127,10827.452302576165,42,29.97593922934674,8.133040755274257,2.0455985929638807,79.5249630381854,1804.5622256368924,41516.52451149474,30.90090341655716,3.0927507665352607,15.523795444590451,12.514738425925925,60.30393402777778,0.5027037037037038,547.5015138888889,0,0,0,9.870447192024542
City_241,79.28254518352458,-13.435277158941688,3908.804255800249,30.688447389171856,Water,9995,10975.34049977166,40,26.339735292888868,36.71828382461092,5.613728112315052,59.40921823061424,1310.3942851506597,28570.11572223438,30.90090341655716,3.0927507665352607,15.523795444590451,12.514738425925925,60.30393402777778,0.5027037037037038,547.5015138888889,0,0,0,9.870447192024542
City_242,81.70714386046572,-71.50396530090885,3494.6858375628376,28.34035951403505,Green Space,7126,1494.4397277622118,83,10.540554181759816,10.4415467747295,16.666487096568595,47.16655673160604,1692.0871909552943,38347.18804851003,30.90090341655716,3.0927507665352607,15.523795444590451,12.514738425925925,60.30393402777778,0.5027037037037038,547.5015138888889,0,0,0,9.870447192024542
City_243,74.67559023968073,89.13937686345042,3469.148300898234,29.23262234103349,Industrial,5504,22436.61440380228,45,51.32755370957321,2.9282652642266926,8.740832185132334,75.64560367174037,714.9011052578162,35966.76094691011,30.90090341655716,3.0927507665352607,15.523795444590451,12.514738425925925,60.30393402777778,0.5027037037037038,547.5015138888889,0,0,0,9.870447192024542
City_244,-23.37143395402001,0.9793404332924922,3801.5245265259946,10.27578161071618,Green Space,9826,44253.98465299768,37,50.04903502016825,27.61830689086172,12.52184346987444,58.41421492539308,533.8255998432146,11168.063273859072,30.90090341655716,3.0927507665352607,15.523795444590451,12.514738425925925,60.30393402777778,0.5027037037037038,547.5015138888889,0,0,0,9.870447192024542
City_245,-87.21780902480387,-96.40342974714576,3424.607959243495,20.40384995449404,Water,7152,3543.146235778141,133,15.222725905007568,29.76148663597008,11.306006410415655,68.38685374018098,2319.1288547606023,28871.82408525977,30.90090341655716,3.0927507665352607,15.523795444590451,12.514738425925925,60.30393402777778,0.5027037037037038,547.5015138888889,0,0,0,9.870447192024542
City_246,77.09734126579056,143.84684637884465,2817.991447341369,22.03360379088309,Urban,6916,10364.81676530413,88,38.84286905663501,43.59565306402528,26.27714774999684,79.34846332836608,1039.2600175343655,43518.43448744953,30.90090341655716,3.0927507665352607,15.523795444590451,12.514738425925925,60.30393402777778,0.5027037037037038,547.5015138888889,0,0,0,9.870447192024542
City_247,-12.926853302883416,-41.79916030564388,590.6019495707441,10.479806920576417,Green Space,3670,16194.142378795,86,33.19908490834437,28.84908062088409,27.158969970315464,42.00701401279896,2139.3540055609183,22173.69560329453,30.90090341655716,3.0927507665352607,15.523795444590451,12.514738425925925,60.30393402777778,0.5027037037037038,547.5015138888889,0,0,0,9.870447192024542
City_248,83.99786742786051,15.679030001035898,146.36780771063363,16.495330218625856,Urban,4335,36854.51209164643,69,15.935454775455574,17.274042686172287,14.7887091496758,43.867782391502686,2498.7006009444003,48362.94774094252,30.90090341655716,3.0927507665352607,15.523795444590451,12.514738425925925,60.30393402777778,0.5027037037037038,547.5015138888889,0,0,0,9.870447192024542
City_249,83.45159587606551,146.3299599472369,4143.815315170591,29.00724557805337,Green Space,8517,32391.14404732674,159,59.02841135303618,40.150594076316025,9.904678509468132,68.81826965851025,922.8625159978224,23158.539904984184,30.90090341655716,3.0927507665352607,15.523795444590451,12.514738425925925,60.30393402777778,0.5027037037037038,547.5015138888889,0,0,0,9.870447192024542
City_250,63.54170198412481,44.72567852903717,2774.926415343321,13.427742643224976,Urban,2651,21381.251324510897,123,20.734794373167773,27.01394465937105,3.204021120070909,51.27300013181888,1030.3414823667113,7996.49619672635,30.90090341655716,3.0927507665352607,15.523795444590451,12.514738425925925,60.30393402777778,0.5027037037037038,547.5015138888889,0,0,0,9.870447192024542
City_251,-36.99919942747458,-137.91670534498894,3584.417809392793,23.38275328631479,Urban,9929,38194.37802366041,167,13.361709004528056,3.964014231559587,28.60208638146285,47.37205587800396,1825.719575269332,20082.29932380599,30.90090341655716,3.0927507665352607,15.523795444590451,12.514738425925925,60.30393402777778,0.5027037037037038,547.5015138888889,0,0,0,9.870447192024542
City_252,-20.68240885165345,158.33956450085105,2166.8505818064755,15.380046800430938,Industrial,7405,30871.919571188195,73,39.74236897509548,28.29252801566233,1.806808347008924,41.57447519278918,2430.8972692012426,47633.41791313632,30.90090341655716,3.0927507665352607,15.523795444590451,12.514738425925925,60.30393402777778,0.5027037037037038,547.5015138888889,0,0,0,9.870447192024542
City_253,63.20460087303425,45.97489910571042,527.8868503307751,10.303019366097333,Urban,3334,44905.99918320373,168,46.943333856651634,45.40092727108312,8.929508327048413,40.87386847944807,2331.628696381488,16666.32161765286,30.90090341655716,3.0927507665352607,15.523795444590451,12.514738425925925,60.30393402777778,0.5027037037037038,547.5015138888889,0,0,0,9.870447192024542
City_254,-32.95403907187002,-59.433978723449,563.336064911477,16.030036439988535,Industrial,9690,41083.31070779596,109,11.622172302359347,19.815631274911027,8.941986035100125,70.97942412479163,1505.7510401311697,43536.80983348608,30.90090341655716,3.0927507665352607,15.523795444590451,12.514738425925925,60.30393402777778,0.5027037037037038,547.5015138888889,0,0,0,9.870447192024542
City_255,-59.49130559650335,-129.8620538411806,3085.043792530372,34.39684387275135,Water,3067,13387.866698370828,110,42.93588193635111,14.816290094990004,9.612038584206449,45.377337094782,2090.2205650534493,44181.2834024126,30.90090341655716,3.0927507665352607,15.523795444590451,12.514738425925925,60.30393402777778,0.5027037037037038,547.5015138888889,0,0,0,9.870447192024542
City_256,10.224227242503034,105.84906813730656,1936.3765270475824,30.03842779707474,Water,1807,14300.49030407581,31,36.61459379757272,7.173472850901002,4.928605298172278,58.70882463884604,771.4917061998021,18159.139692266093,30.90090341655716,3.0927507665352607,15.523795444590451,12.514738425925925,60.30393402777778,0.5027037037037038,547.5015138888889,0,0,0,9.870447192024542
City_257,78.50785934894057,43.22619213426486,902.3612701515152,33.98941610802584,Industrial,9348,7142.467313826895,169,15.16325044375242,7.572276096767866,23.49484292771092,64.23587260717932,2454.8763684080245,5079.625244480974,30.90090341655716,3.0927507665352607,15.523795444590451,12.514738425925925,60.30393402777778,0.5027037037037038,547.5015138888889,0,0,0,9.870447192024542
City_258,35.28536340149515,12.045993111475752,2212.175460336466,22.196351098159063,Industrial,3160,17511.27156015537,144,18.626193847318103,21.638574217090945,3.674935858979676,57.13407202275385,2428.706468071973,36503.337548782096,30.90090341655716,3.0927507665352607,15.523795444590451,12.514738425925925,60.30393402777778,0.5027037037037038,547.5015138888889,0,0,0,9.870447192024542
City_259,12.611010616085691,141.80132989834476,288.94021683810337,12.743404966937588,Green Space,4230,49977.652017235625,119,38.39871486580402,29.783991208076475,19.047199774594883,41.08426609344932,827.4579157583419,16264.102651685316,30.90090341655716,3.0927507665352607,15.523795444590451,12.514738425925925,60.30393402777778,0.5027037037037038,547.5015138888889,0,0,0,9.870447192024542
City_260,-72.50823112126166,103.89499604083107,2618.8713086147945,23.698987224342325,Green Space,6707,20881.80726213799,52,24.81788067566442,4.030770258480088,3.715380801174524,71.34006010351635,1098.8462496062134,39363.25709862105,30.90090341655716,3.0927507665352607,15.523795444590451,12.514738425925925,60.30393402777778,0.5027037037037038,547.5015138888889,0,0,0,9.870447192024542
City_261,20.70130080585055,-125.39704329620956,1210.4703199579394,21.359433363999024,Green Space,3662,11803.933299766211,175,56.9157864325658,46.978429451258286,2.1160691277886965,40.42052898166614,700.3099950135338,22690.087564761223,30.90090341655716,3.0927507665352607,15.523795444590451,12.514738425925925,60.30393402777778,0.5027037037037038,547.5015138888889,0,0,0,9.870447192024542
City_262,88.20969301876738,-67.78005559360264,3589.015952867346,31.1089270684904,Water,1640,38361.661339302096,91,50.93701147420254,37.75668087225979,27.28288511057629,70.47559577509936,1043.4351977963593,24778.07037478845,30.90090341655716,3.0927507665352607,15.523795444590451,12.514738425925925,60.30393402777778,0.5027037037037038,547.5015138888889,0,0,0,9.870447192024542
City_263,-64.78487725742568,-90.54390966679232,1396.628815156082,12.452064519606116,Green Space,8958,27581.07916967015,142,59.17836032568315,29.331195914183134,5.70386298956117,75.73217975152491,2131.9115788304134,39117.5609306783,30.90090341655716,3.0927507665352607,15.523795444590451,12.514738425925925,60.30393402777778,0.5027037037037038,547.5015138888889,0,0,0,9.870447192024542
City_264,3.299337425472615,87.82066532616369,2048.4906708681056,22.206028425544453,Urban,2208,8330.471026820675,157,22.9835419475207,41.42193354694954,24.637504636791128,57.31359684228689,1256.631214330519,19735.803222019767,30.90090341655716,3.0927507665352607,15.523795444590451,12.514738425925925,60.30393402777778,0.5027037037037038,547.5015138888889,0,0,0,9.870447192024542
City_265,67.92715294703197,-167.92832349511943,52.29242958645286,13.751216617349606,Urban,4130,19653.794376882423,91,58.48618163989885,4.009337840605665,16.338926133214073,61.42169892391193,676.7939342935167,22713.239920822813,30.90090341655716,3.0927507665352607,15.523795444590451,12.514738425925925,60.30393402777778,0.5027037037037038,547.5015138888889,0,0,0,9.870447192024542
City_266,43.33835119575679,25.16028655367396,326.0109950755149,18.1168981722515,Green Space,3711,21309.01606142782,67,31.56169348957789,23.84194388665622,2.3356955882630883,59.07933570470615,1184.4510495578093,19433.33296971149,30.90090341655716,3.0927507665352607,15.523795444590451,12.514738425925925,60.30393402777778,0.5027037037037038,547.5015138888889,0,0,0,9.870447192024542
City_267,35.46283337914824,94.4851268666486,1766.2210038300816,28.43392693469499,Urban,7038,37937.65532789171,195,27.375939765687733,31.50465634308317,28.663445743142024,55.56834474493755,2462.76666848256,18999.68524858672,30.90090341655716,3.0927507665352607,15.523795444590451,12.514738425925925,60.30393402777778,0.5027037037037038,547.5015138888889,0,0,0,9.870447192024542
City_268,36.44713511767967,135.63562923422978,2159.724756227056,21.900453234219164,Water,975,2012.8970757033187,90,12.517476348467662,41.43264530591446,7.408835009756776,75.49698141481441,1759.3671905184058,26771.38226817151,30.90090341655716,3.0927507665352607,15.523795444590451,12.514738425925925,60.30393402777778,0.5027037037037038,547.5015138888889,0,0,0,9.870447192024542
City_269,-25.291592780444063,-56.85057046227331,2700.0924665368666,19.39720712864424,Urban,8184,14181.962693117212,158,12.63826289298013,39.17347800246338,25.7893603605782,75.75734042679963,1332.3218928123156,40631.17278055639,30.90090341655716,3.0927507665352607,15.523795444590451,12.514738425925925,60.30393402777778,0.5027037037037038,547.5015138888889,0,0,0,9.870447192024542
City_270,-37.1534680323912,115.65262968192462,1312.4816041918646,19.861906964250885,Water,9668,26362.21876446058,185,44.600562797332735,13.85346248566998,5.0643001735369255,53.43265458566138,833.07702699454,18726.647284205726,30.90090341655716,3.0927507665352607,15.523795444590451,12.514738425925925,60.30393402777778,0.5027037037037038,547.5015138888889,0,0,0,9.870447192024542
City_271,55.68500798613246,-140.1725746961254,3127.4184875694414,21.486169210149665,Industrial,1707,14173.490380189323,178,32.896449721701394,47.04400847796021,25.618286464255583,64.60279016058792,2472.3535945673893,26688.4813063491,30.90090341655716,3.0927507665352607,15.523795444590451,12.514738425925925,60.30393402777778,0.5027037037037038,547.5015138888889,0,0,0,9.870447192024542
City_272,55.82041104225255,124.72282502442653,3870.5507873514207,29.62541359592642,Industrial,2460,31793.268323530945,151,21.326081301805285,6.217292071543517,0.3968643871588195,77.07630248583456,2141.6980185262573,33865.63894668744,30.90090341655716,3.0927507665352607,15.523795444590451,12.514738425925925,60.30393402777778,0.5027037037037038,547.5015138888889,0,0,0,9.870447192024542
City_273,66.07301734441867,-134.10408156048632,3509.329450020074,32.30211722350586,Industrial,1057,24611.50648445621,139,40.698515316261634,43.75668093105761,15.35341369708442,78.48233995765406,1062.9546049018388,14202.532868879096,30.90090341655716,3.0927507665352607,15.523795444590451,12.514738425925925,60.30393402777778,0.5027037037037038,547.5015138888889,0,0,0,9.870447192024542
City_274,74.38329946016484,-36.97657539826778,178.28471406760715,33.883367162598205,Industrial,1382,18723.80248811945,42,22.64290591250556,48.547012480230926,23.083277382646703,60.3583616168819,640.1373914423789,14598.617440217236,30.90090341655716,3.0927507665352607,15.523795444590451,12.514738425925925,60.30393402777778,0.5027037037037038,547.5015138888889,0,0,0,9.870447192024542
City_275,2.041631794968808,107.02633168063932,2162.2812626602304,29.672584656382377,Urban,5261,47511.2227166551,184,38.88158771722113,8.857676161131279,28.0438655247835,58.11299221137307,613.2511147551161,46737.243224149286,30.90090341655716,3.0927507665352607,15.523795444590451,12.514738425925925,60.30393402777778,0.5027037037037038,547.5015138888889,0,0,0,9.870447192024542
City_276,0.2729330436959287,-126.02972615444143,472.1858028817869,17.88517239370032,Green Space,6367,31975.81546013641,129,27.96043734913452,36.10330321018927,27.27606408619461,51.14777263714103,740.7562990110677,36453.19409322334,30.90090341655716,3.0927507665352607,15.523795444590451,12.514738425925925,60.30393402777778,0.5027037037037038,547.5015138888889,0,0,0,9.870447192024542
City_277,53.69313221401953,-97.46949771624908,1089.2025713813737,27.20336765216356,Urban,7463,7367.12724112912,164,51.17761133059095,2.014275938899923,24.588746086429342,78.35487492761641,1661.5371672288434,29282.147134942134,30.90090341655716,3.0927507665352607,15.523795444590451,12.514738425925925,60.30393402777778,0.5027037037037038,547.5015138888889,0,0,0,9.870447192024542
City_278,26.99350753999772,80.01092462150388,4439.981669702159,20.9400781013848,Water,7666,28444.49317472638,51,51.034808038338966,20.271141256957748,26.645740489839124,45.7125721789147,2357.5268424109845,32738.282666609983,30.90090341655716,3.0927507665352607,15.523795444590451,12.514738425925925,60.30393402777778,0.5027037037037038,547.5015138888889,0,0,0,9.870447192024542
City_279,36.35403790638661,79.21315315658677,641.2299430568095,16.36676555115128,Urban,8429,39255.86080684415,103,33.867519906120066,25.8141649598837,5.976590575112295,63.193183041909,1493.486856011969,2435.6727120675,30.90090341655716,3.0927507665352607,15.523795444590451,12.514738425925925,60.30393402777778,0.5027037037037038,547.5015138888889,0,0,0,9.870447192024542
City_280,53.2426804984982,50.81314783870704,2244.996690531102,31.021789485648064,Urban,5847,35715.995177147066,161,27.54095546675078,29.032261295481703,8.525528871351863,51.30201070074556,2185.8909649123943,31287.045312523147,30.90090341655716,3.0927507665352607,15.523795444590451,12.514738425925925,60.30393402777778,0.5027037037037038,547.5015138888889,0,0,0,9.870447192024542
City_281,70.20096152716192,69.821440008156,2781.700804431536,10.960658724058124,Water,7769,9432.37223546771,52,28.12798982795473,46.79686241242798,8.669055747631756,51.160331613911865,1391.7732397196155,25965.93478798589,30.90090341655716,3.0927507665352607,15.523795444590451,12.514738425925925,60.30393402777778,0.5027037037037038,547.5015138888889,0,0,0,9.870447192024542
City_282,-29.160871766723552,15.380799605134628,3161.092367448468,32.54404980338559,Industrial,8625,48648.57995296506,148,50.285726283410895,33.61253436470973,11.311617930050964,56.19874349504754,1917.1670915356503,27741.734309192347,30.90090341655716,3.0927507665352607,15.523795444590451,12.514738425925925,60.30393402777778,0.5027037037037038,547.5015138888889,0,0,0,9.870447192024542
City_283,-22.39506852481007,-89.35233879349701,2518.419075691113,21.53693661561835,Industrial,2954,22991.868641583693,99,26.4089741398806,24.06389756096185,11.799620111555662,79.95171743262618,1963.7454745730013,18611.76751471004,30.90090341655716,3.0927507665352607,15.523795444590451,12.514738425925925,60.30393402777778,0.5027037037037038,547.5015138888889,0,0,0,9.870447192024542
City_284,-73.08325082864357,-55.549442338589,43.96881338632647,25.93003692020701,Industrial,4994,8792.225183272803,113,20.4529686853423,40.48375181329447,16.336659739640265,42.19865227359288,847.9274118066774,4992.220987934153,30.90090341655716,3.0927507665352607,15.523795444590451,12.514738425925925,60.30393402777778,0.5027037037037038,547.5015138888889,0,0,0,9.870447192024542
City_285,14.090425379311313,-114.62482195148677,1469.0758870979637,26.483848055144566,Green Space,2446,9829.591952279248,130,14.23441709376534,47.526641047720446,4.796392900993242,63.14167272814126,1222.4321179516237,10473.622446990556,30.90090341655716,3.0927507665352607,15.523795444590451,12.514738425925925,60.30393402777778,0.5027037037037038,547.5015138888889,0,0,0,9.870447192024542
City_286,-83.53039071658642,147.04220208010622,2329.702395231201,32.37794351766341,Water,3308,5813.514617264944,113,33.334656044220424,1.103307434114542,20.73739991357968,43.30288632141109,1774.604313076048,47586.49094742091,30.90090341655716,3.0927507665352607,15.523795444590451,12.514738425925925,60.30393402777778,0.5027037037037038,547.5015138888889,0,0,0,9.870447192024542
City_287,-6.192356736157166,30.02104611580336,395.3992461517501,25.916742054180183,Water,7142,40372.38731331178,190,34.10660494599209,49.126063612801936,5.026996179135194,46.18083319962076,641.3932163687324,21026.278551275765,30.90090341655716,3.0927507665352607,15.523795444590451,12.514738425925925,60.30393402777778,0.5027037037037038,547.5015138888889,0,0,0,9.870447192024542
City_288,7.676034247363788,-35.69348996508964,1577.821190441313,25.348339619001543,Urban,4325,6979.494221770584,57,52.04543552014536,4.3066069531840165,9.309254463136426,57.58251767091595,1223.080375525913,23867.474635712344,30.90090341655716,3.0927507665352607,15.523795444590451,12.514738425925925,60.30393402777778,0.5027037037037038,547.5015138888889,0,0,0,9.870447192024542
City_289,-38.4225746169088,-13.677910688112236,149.41398956114955,11.666301014017249,Green Space,4036,7131.1375999456,165,21.0619348223032,40.71933896343807,15.100353918184622,60.41840525385766,1569.598932562385,3582.7797028185105,30.90090341655716,3.0927507665352607,15.523795444590451,12.514738425925925,60.30393402777778,0.5027037037037038,547.5015138888889,0,0,0,9.870447192024542
City_290,16.349986902421932,161.02200226025354,353.60323719759333,22.9602005486301,Industrial,6568,42673.10912328104,30,29.04956368342,14.016737627570624,23.89321684570432,50.35169633458096,2492.448986089277,2840.745247655049,30.90090341655716,3.0927507665352607,15.523795444590451,12.514738425925925,60.30393402777778,0.5027037037037038,547.5015138888889,0,0,0,9.870447192024542
City_291,-84.5099550109711,-124.79349487821112,1786.1547429071825,13.75422502042604,Green Space,4302,17885.60013793042,194,50.42028694468455,6.608982887693587,22.184076997161817,52.658285234976645,1449.0671252448817,36141.890905291126,30.90090341655716,3.0927507665352607,15.523795444590451,12.514738425925925,60.30393402777778,0.5027037037037038,547.5015138888889,0,0,0,9.870447192024542
City_292,-83.2773260251414,31.042739526047,597.2208931937715,28.43584421803714,Water,5199,2512.0373110955497,92,51.18118053744868,21.992781985691742,19.366030692315668,43.47868081023732,2132.113514228647,27366.63854193445,30.90090341655716,3.0927507665352607,15.523795444590451,12.514738425925925,60.30393402777778,0.5027037037037038,547.5015138888889,0,0,0,9.870447192024542
City_293,58.06810091873848,2.119924398407761,2553.933817177012,22.805548020316863,Water,2470,3542.869676402133,51,29.23055379893841,32.19782897238068,4.6731978174051045,52.12879135377002,1364.1345701332357,25926.593226597062,30.90090341655716,3.0927507665352607,15.523795444590451,12.514738425925925,60.30393402777778,0.5027037037037038,547.5015138888889,0,0,0,9.870447192024542
City_294,-25.16568454597268,40.123524756473216,3102.592361117696,27.00569448020883,Urban,6306,7966.351888490883,99,32.95620116433405,19.04759225117375,16.41136036846733,78.66233757522176,2092.7814452394177,12913.101990710766,30.90090341655716,3.0927507665352607,15.523795444590451,12.514738425925925,60.30393402777778,0.5027037037037038,547.5015138888889,0,0,0,9.870447192024542
City_295,-67.12910772266073,-173.48033382449742,3602.640145990873,11.041822515059607,Urban,6642,11456.274050808788,154,25.164294542464148,2.728270414134948,2.623395053996563,77.78829526689927,1690.8296032402168,37492.78584986619,30.90090341655716,3.0927507665352607,15.523795444590451,12.514738425925925,60.30393402777778,0.5027037037037038,547.5015138888889,0,0,0,9.870447192024542
City_296,4.003786809864792,133.96460721989456,900.6760991016454,12.11980040114508,Water,3319,33592.16351768187,178,56.6277439209656,29.97305698293583,11.320895303899524,53.3951316054794,2273.190883004797,9243.592376316104,30.90090341655716,3.0927507665352607,15.523795444590451,12.514738425925925,60.30393402777778,0.5027037037037038,547.5015138888889,0,0,0,9.870447192024542
City_297,48.59883955774996,155.56258169410046,753.6716201658139,27.908084701567056,Industrial,9594,8708.987720089584,125,15.932188287079017,45.120163805533736,12.405495908698777,62.83415745115046,1321.88510470022,10306.80243938998,30.90090341655716,3.0927507665352607,15.523795444590451,12.514738425925925,60.30393402777778,0.5027037037037038,547.5015138888889,0,0,0,9.870447192024542
City_298,-51.15221505056823,23.447946092115217,470.55528150480114,11.802108399966832,Industrial,864,6824.845167676528,192,56.6874711500735,19.160768297362583,1.1943431833726148,76.38381564443777,1708.6088396429575,23574.8963960655,30.90090341655716,3.0927507665352607,15.523795444590451,12.514738425925925,60.30393402777778,0.5027037037037038,547.5015138888889,0,0,0,9.870447192024542
City_299,22.120285647420047,70.7942965956812,2863.936122946365,11.781418194131463,Green Space,4758,38471.23793233768,108,44.19332259176716,10.816638881541351,8.219642984099155,40.24735290563586,1760.0373612376547,15027.713243485105,30.90090341655716,3.0927507665352607,15.523795444590451,12.514738425925925,60.30393402777778,0.5027037037037038,547.5015138888889,0,0,0,9.870447192024542
City_300,-74.63745630112176,152.09977722382644,3179.140769191056,10.302711880872186,Water,3619,33881.70890913581,34,36.57860763433656,22.12886729664077,28.66948401799468,72.42734281350367,1334.7658836009466,13125.686080424171,30.90090341655716,3.0927507665352607,15.523795444590451,12.514738425925925,60.30393402777778,0.5027037037037038,547.5015138888889,0,0,0,9.870447192024542
City_301,-80.69729018965062,74.60590835282349,142.13765171538915,33.912534957487004,Water,2363,22330.88685130657,89,11.632953039224796,2.418135552439044,28.608978234890685,77.93478211155676,788.624087374963,32616.64458311325,30.90090341655716,3.0927507665352607,15.523795444590451,12.514738425925925,60.30393402777778,0.5027037037037038,547.5015138888889,0,0,0,9.870447192024542
City_302,5.643833682266646,-125.08594455086592,4212.955108096604,28.43770898647517,Industrial,615,27916.178802525093,149,33.77980959110042,41.02437922401374,10.56981162757618,43.653029373342285,687.1188138246711,32897.61551570868,30.90090341655716,3.0927507665352607,15.523795444590451,12.514738425925925,60.30393402777778,0.5027037037037038,547.5015138888889,0,0,0,9.870447192024542
City_303,7.314321889819169,27.46380966005273,233.87077643162584,18.83128521255161,Industrial,7584,16287.216995994506,75,30.387405250136613,41.317040547509336,1.2930032684497217,46.45790744131684,533.3431011992662,41401.33642019653,30.90090341655716,3.0927507665352607,15.523795444590451,12.514738425925925,60.30393402777778,0.5027037037037038,547.5015138888889,0,0,0,9.870447192024542
City_304,24.737382269677184,38.41741669782812,2435.833508854817,17.41338953219138,Water,8516,24642.52059153268,163,18.06094059875613,29.400023171481426,5.372848179845446,78.42985211085421,2247.0685284904293,21467.719781675816,30.90090341655716,3.0927507665352607,15.523795444590451,12.514738425925925,60.30393402777778,0.5027037037037038,547.5015138888889,0,0,0,9.870447192024542
City_305,40.69644007007909,-27.31295833114104,3190.772337529124,18.74258074364624,Urban,2884,25826.959800154546,85,42.82048017503285,17.655144446919476,11.766533803006205,61.50160574561385,972.949824477389,4581.169460281362,30.90090341655716,3.0927507665352607,15.523795444590451,12.514738425925925,60.30393402777778,0.5027037037037038,547.5015138888889,0,0,0,9.870447192024542
City_306,85.65337430325624,85.11992482490024,3919.3610568573854,29.366338279529547,Water,4435,19974.6262877267,139,58.55754536841429,39.989168222289166,28.433390939076894,40.56786537886895,923.013498563536,14409.652861151426,30.90090341655716,3.0927507665352607,15.523795444590451,12.514738425925925,60.30393402777778,0.5027037037037038,547.5015138888889,0,0,0,9.870447192024542
City_307,2.9340626942151573,156.37212531684537,3213.3911945959253,26.53426527676036,Water,8242,45422.03832293597,186,38.10944055322626,27.73435123941836,4.235971906115548,50.30527995054116,1972.070800852131,49020.26769664403,30.90090341655716,3.0927507665352607,15.523795444590451,12.514738425925925,60.30393402777778,0.5027037037037038,547.5015138888889,0,0,0,9.870447192024542
City_308,-31.867834870575727,153.20466464643948,3607.776373814064,14.629889196686698,Industrial,5942,1787.031384069301,133,45.73766382219729,41.29661542750081,22.905475310046366,57.99774697075439,1140.0322261747835,30216.670186402403,30.90090341655716,3.0927507665352607,15.523795444590451,12.514738425925925,60.30393402777778,0.5027037037037038,547.5015138888889,0,0,0,9.870447192024542
City_309,53.13351505836667,-17.697826294512453,1527.5258664426274,14.35273338335211,Industrial,2990,39326.39189147106,106,13.42252262830084,31.57293962915103,3.2604761812407625,67.71635644099071,1512.0893848236733,35777.117155249995,30.90090341655716,3.0927507665352607,15.523795444590451,12.514738425925925,60.30393402777778,0.5027037037037038,547.5015138888889,0,0,0,9.870447192024542
City_310,-41.25019477282664,-139.2343034973281,3666.713011859305,12.459891242834932,Urban,7480,7094.758730824892,175,30.88334979084973,39.22027366063986,29.437727321738304,69.32641512547198,825.0221305949126,1360.533651645312,30.90090341655716,3.0927507665352607,15.523795444590451,12.514738425925925,60.30393402777778,0.5027037037037038,547.5015138888889,0,0,0,9.870447192024542
City_311,-10.985144272985508,174.54283162644043,360.51680873103817,26.507567992533453,Urban,9634,40079.820666322776,31,15.817924258224794,29.928149660888,11.44849497327405,79.81686051701824,2419.4914429239384,26392.08087694352,30.90090341655716,3.0927507665352607,15.523795444590451,12.514738425925925,60.30393402777778,0.5027037037037038,547.5015138888889,0,0,0,9.870447192024542
City_312,-75.87785135839212,122.0033111205363,4026.6749522723744,29.1093165555434,Green Space,8161,31179.68386815934,37,40.63979177682552,20.70705341078331,23.25703616697168,51.50044797535036,2203.1628000344745,2838.904219058353,30.90090341655716,3.0927507665352607,15.523795444590451,12.514738425925925,60.30393402777778,0.5027037037037038,547.5015138888889,0,0,0,9.870447192024542
City_313,-85.43686618521765,-135.12143476682394,2464.165692691813,16.6261607081251,Water,2224,42320.626455883714,104,56.92410791070773,47.89729299630688,10.277732484333956,61.52880407473901,2227.5792459300064,28892.280392480952,30.90090341655716,3.0927507665352607,15.523795444590451,12.514738425925925,60.30393402777778,0.5027037037037038,547.5015138888889,0,0,0,9.870447192024542
City_314,83.27671464202652,151.50307774225405,3677.8399648312216,10.52362402577282,Industrial,8682,5778.201956403976,154,43.08888662358193,27.05569124394224,18.83006631476426,61.3329419143842,1313.5474971440103,46117.77163216769,30.90090341655716,3.0927507665352607,15.523795444590451,12.514738425925925,60.30393402777778,0.5027037037037038,547.5015138888889,0,0,0,9.870447192024542
City_315,60.47642169219705,133.1626903423662,2035.4322803323507,12.054291686910684,Urban,3267,28390.051070888927,67,13.840152415721075,30.25447592702692,5.7604825422011015,56.2258103778895,2024.7224274143457,48452.53739451998,30.90090341655716,3.0927507665352607,15.523795444590451,12.514738425925925,60.30393402777778,0.5027037037037038,547.5015138888889,0,0,0,9.870447192024542
City_316,35.27535709686563,6.781700565385961,2896.0996283843624,34.196500871125764,Green Space,1637,25553.30613284765,56,27.733310249254146,11.024381970737462,4.380630578908876,46.76647575369681,787.7523107795603,27487.081094057285,30.90090341655716,3.0927507665352607,15.523795444590451,12.514738425925925,60.30393402777778,0.5027037037037038,547.5015138888889,0,0,0,9.870447192024542
City_317,-16.388470005431415,32.85915686817452,2368.811974212509,17.386119436935505,Green Space,4617,35603.465965204574,49,37.533168972042574,31.282539471363823,28.141924187043937,79.09826252735371,517.2380051835605,23452.035457358583,30.90090341655716,3.0927507665352607,15.523795444590451,12.514738425925925,60.30393402777778,0.5027037037037038,547.5015138888889,0,0,0,9.870447192024542
City_318,-58.80702238724776,-36.35902660675311,3292.152847898993,29.23057869595334,Industrial,3920,27180.237042790115,169,30.16038780666261,28.5803824741472,27.529418337133,74.13268746666344,539.9458651560562,47305.83761817621,30.90090341655716,3.0927507665352607,15.523795444590451,12.514738425925925,60.30393402777778,0.5027037037037038,547.5015138888889,0,0,0,9.870447192024542
City_319,-61.84133231920451,-160.28581002406872,367.3349191376531,25.616589221356595,Industrial,6345,27495.993789522105,72,51.68220052375862,9.241919897351249,26.62406820638647,59.93332113176949,1673.203474809121,34006.88176783806,30.90090341655716,3.0927507665352607,15.523795444590451,12.514738425925925,60.30393402777778,0.5027037037037038,547.5015138888889,0,0,0,9.870447192024542
City_320,-44.95627833037284,-59.32899300747568,271.5843779575371,19.5484909913224,Green Space,5278,22050.20123522717,60,50.73355023549946,2.979354867657186,18.763003504997805,64.12981690736119,1410.7898104958815,4180.064697382064,30.90090341655716,3.0927507665352607,15.523795444590451,12.514738425925925,60.30393402777778,0.5027037037037038,547.5015138888889,0,0,0,9.870447192024542
City_321,8.860799647101686,109.0272414952841,1111.964553045659,15.14218155488888,Urban,4406,16132.8867763597,120,40.59155100516107,30.217965985738555,24.248046336488347,49.09044214238649,1536.0306978170397,23820.55330570738,30.90090341655716,3.0927507665352607,15.523795444590451,12.514738425925925,60.30393402777778,0.5027037037037038,547.5015138888889,0,0,0,9.870447192024542
City_322,38.62726608601122,-178.33247171834296,717.9510605093475,13.03466045398516,Green Space,4137,24630.95370135741,90,28.672897256635263,38.18461346751603,2.071108107341248,61.751482815669874,514.9262808344388,12772.005904750891,30.90090341655716,3.0927507665352607,15.523795444590451,12.514738425925925,60.30393402777778,0.5027037037037038,547.5015138888889,0,0,0,9.870447192024542
City_323,28.835527809191632,-59.94029819118809,3923.026049664908,25.375324200971665,Water,3453,6806.125579651629,138,22.766818688162207,26.17006854610041,10.043671256720376,67.79880532485903,1345.3732393148514,24020.4117509854,30.90090341655716,3.0927507665352607,15.523795444590451,12.514738425925925,60.30393402777778,0.5027037037037038,547.5015138888889,0,0,0,9.870447192024542
City_324,-39.61189854973029,-36.659270307260414,986.4629431111994,29.3658445159447,Water,6429,48114.15361017115,120,15.293715910656466,11.338631265982285,9.411093742714687,60.60668113546355,1936.1363224017216,23317.813028311724,30.90090341655716,3.0927507665352607,15.523795444590451,12.514738425925925,60.30393402777778,0.5027037037037038,547.5015138888889,0,0,0,9.870447192024542
City_325,81.87575051937495,13.462417057652232,4391.393651186091,26.097606338528266,Industrial,776,36006.12741770332,192,27.7448841743277,33.326098834651745,19.0693596585784,79.61140682339766,1385.3874039348716,29525.09533792236,30.90090341655716,3.0927507665352607,15.523795444590451,12.514738425925925,60.30393402777778,0.5027037037037038,547.5015138888889,0,0,0,9.870447192024542
City_326,42.82144500523833,151.14802190859376,1516.031062969981,23.25755333122896,Urban,2499,47670.88871770449,124,30.65862586038597,4.0052863304801125,10.678733204119215,64.45366624990905,1964.4384126244445,18481.75402711331,30.90090341655716,3.0927507665352607,15.523795444590451,12.514738425925925,60.30393402777778,0.5027037037037038,547.5015138888889,0,0,0,9.870447192024542
City_327,9.783729452052128,-55.31544202825396,819.5306205991468,11.048780585790906,Urban,1727,12109.6417341682,172,43.79114625520368,22.09168524009773,4.455203449310424,54.838948503686765,966.0379287936696,9049.252023340476,30.90090341655716,3.0927507665352607,15.523795444590451,12.514738425925925,60.30393402777778,0.5027037037037038,547.5015138888889,0,0,0,9.870447192024542
City_328,20.1097343221834,-55.096847317358026,3553.6432821411563,34.212219439859595,Water,6837,44087.70998864988,173,42.90799121487867,8.16833791992101,17.89401226240631,70.88608110463352,2126.284008963451,25682.252294907856,30.90090341655716,3.0927507665352607,15.523795444590451,12.514738425925925,60.30393402777778,0.5027037037037038,547.5015138888889,0,0,0,9.870447192024542
City_329,-14.47198876299781,85.50044931950941,2964.1849897539423,29.967854791364363,Green Space,4235,40630.70924361338,42,13.505406982062848,9.222952552994167,24.431517620072444,46.81850046326568,1676.8624809069047,41679.94133294234,30.90090341655716,3.0927507665352607,15.523795444590451,12.514738425925925,60.30393402777778,0.5027037037037038,547.5015138888889,0,0,0,9.870447192024542
City_330,-45.40842188979165,-17.201541279669414,2241.880724039125,17.32055091752412,Industrial,1195,34180.46821042601,142,29.762965771557887,10.114697457910182,11.463704833799197,55.38063254825066,921.5261988598124,33536.59917531251,30.90090341655716,3.0927507665352607,15.523795444590451,12.514738425925925,60.30393402777778,0.5027037037037038,547.5015138888889,0,0,0,9.870447192024542
City_331,-25.92491784277292,-99.1422637416065,2499.1359792193407,34.49925823397126,Green Space,4652,31626.43011817508,64,19.088943360868097,19.33535285219889,3.9680614529544513,53.87835801510343,973.4409517076658,17580.025430335576,30.90090341655716,3.0927507665352607,15.523795444590451,12.514738425925925,60.30393402777778,0.5027037037037038,547.5015138888889,0,0,0,9.870447192024542
City_332,46.41229988358643,-17.12177419223039,3236.4080022251874,25.04703974090805,Green Space,8401,16510.93359812563,178,17.840635265840284,2.5575102810198813,5.900645919384692,57.27228380431109,1756.060929139074,46840.628115184,30.90090341655716,3.0927507665352607,15.523795444590451,12.514738425925925,60.30393402777778,0.5027037037037038,547.5015138888889,0,0,0,9.870447192024542
City_333,-87.40917204664395,-129.29147266327206,1028.0463359908442,24.56056645518116,Green Space,7970,41004.128463286506,187,51.36510748686229,19.88967204645491,7.124499155081519,71.27119303714906,2159.879186424887,45698.170991209925,30.90090341655716,3.0927507665352607,15.523795444590451,12.514738425925925,60.30393402777778,0.5027037037037038,547.5015138888889,0,0,0,9.870447192024542
City_334,-69.10692470875507,-116.5006848577596,4483.502622255339,28.7018294857383,Urban,8037,25574.25761250696,77,12.095760835812875,25.585372355735043,8.996927789836086,59.3669212865363,1331.2555640583105,11258.07156982084,30.90090341655716,3.0927507665352607,15.523795444590451,12.514738425925925,60.30393402777778,0.5027037037037038,547.5015138888889,0,0,0,9.870447192024542
City_335,-81.7195244360845,-0.5876018137873018,4386.569229660524,30.29424470225344,Water,3341,4473.687218672983,64,30.959143795106066,24.164714248316265,19.28385211518928,71.76057801063851,1016.6008582551844,2931.4616708977856,30.90090341655716,3.0927507665352607,15.523795444590451,12.514738425925925,60.30393402777778,0.5027037037037038,547.5015138888889,0,0,0,9.870447192024542
City_336,-82.66881558258538,-29.186838178362763,2926.465588561216,26.411965183287567,Urban,4708,16330.294881901367,115,18.410182788325912,19.139205020152023,18.02836453613157,63.05955612559464,2234.023213821201,37324.12670918735,30.90090341655716,3.0927507665352607,15.523795444590451,12.514738425925925,60.30393402777778,0.5027037037037038,547.5015138888889,0,0,0,9.870447192024542
City_337,63.9829051219813,149.34452438451603,897.9410291811531,13.202393659155,Water,9233,46829.55782872105,195,53.9665107839237,41.957330403537625,20.88239584701117,53.68277738630221,1838.5365835016696,41552.90280610851,30.90090341655716,3.0927507665352607,15.523795444590451,12.514738425925925,60.30393402777778,0.5027037037037038,547.5015138888889,0,0,0,9.870447192024542
City_338,36.65841468840426,-49.53819631801207,3061.027090940811,18.45668764986246,Industrial,1588,42683.33276963747,188,37.85202566375176,7.266334621025205,10.875059535945397,72.3991497473389,1396.170974566153,48425.36373161641,30.90090341655716,3.0927507665352607,15.523795444590451,12.514738425925925,60.30393402777778,0.5027037037037038,547.5015138888889,0,0,0,9.870447192024542
City_339,-4.648710764281461,29.01180610009564,324.89284040629127,33.20209100815124,Industrial,3863,49113.37920575042,181,21.5690318188424,25.2848371890687,24.71992955639935,49.531586822123664,1475.8003905586038,44601.983310327225,30.90090341655716,3.0927507665352607,15.523795444590451,12.514738425925925,60.30393402777778,0.5027037037037038,547.5015138888889,0,0,0,9.870447192024542
City_340,-72.38985108281973,47.61514365103093,137.9362599261273,15.615390296096296,Green Space,524,31771.67574760081,143,35.12136435831882,3.102070847827715,6.122629834672808,48.975319191991815,908.5129358727928,30426.203642114328,30.90090341655716,3.0927507665352607,15.523795444590451,12.514738425925925,60.30393402777778,0.5027037037037038,547.5015138888889,0,0,0,9.870447192024542
City_341,-1.5091424789701762,-175.28599562819988,1159.5729983004617,19.304175595937835,Water,6644,13127.993583880188,129,46.574317985155794,3.5577839438954872,14.07122242554462,60.18011696219343,1753.6052601296878,26972.564621406666,30.90090341655716,3.0927507665352607,15.523795444590451,12.514738425925925,60.30393402777778,0.5027037037037038,547.5015138888889,0,0,0,9.870447192024542
City_342,-4.77508125949818,58.87345392601583,2081.8033053269232,20.8019220736049,Water,6168,8977.937434166324,189,57.90590044597169,28.69329248385481,24.02816164624291,50.43396983848356,1217.4850210857771,2364.211511866728,30.90090341655716,3.0927507665352607,15.523795444590451,12.514738425925925,60.30393402777778,0.5027037037037038,547.5015138888889,0,0,0,9.870447192024542
City_343,-58.82366341619726,-115.90705192688948,3907.226274337712,20.985124742361304,Water,4736,10158.80758981462,128,21.02230021227095,28.30092124439105,5.404759431978578,40.363481398048656,2491.2903533486988,13086.165895394111,30.90090341655716,3.0927507665352607,15.523795444590451,12.514738425925925,60.30393402777778,0.5027037037037038,547.5015138888889,0,0,0,9.870447192024542
City_344,-11.906703137164854,165.98531428900384,3272.260813948386,25.323489562363136,Green Space,8568,1969.987259015465,32,54.309088606467256,43.90167564222285,3.2958934122234886,65.93190109195206,1460.3670305237756,23521.1228349134,30.90090341655716,3.0927507665352607,15.523795444590451,12.514738425925925,60.30393402777778,0.5027037037037038,547.5015138888889,0,0,0,9.870447192024542
City_345,-18.26914780847278,-126.48141800887932,3342.179345399915,33.576895943617686,Green Space,2735,20143.42343831102,114,56.71520570837451,27.89368378300366,26.51051903063969,60.44375285889592,1471.7712123792262,31796.69110409482,30.90090341655716,3.0927507665352607,15.523795444590451,12.514738425925925,60.30393402777778,0.5027037037037038,547.5015138888889,0,0,0,9.870447192024542
City_346,20.853017649398964,-30.73531545827145,1914.7200050163392,16.017317795812623,Industrial,7795,10379.956344477583,154,55.82102722660331,47.98955102024251,10.287889882775875,57.82071257972645,1631.703574821344,28305.339832602123,30.90090341655716,3.0927507665352607,15.523795444590451,12.514738425925925,60.30393402777778,0.5027037037037038,547.5015138888889,0,0,0,9.870447192024542
City_347,24.316857156175885,-149.27411949168825,1556.707466461333,13.037534407522951,Urban,8892,21171.11756237842,167,41.7707178430955,2.434742419996488,20.51610374727096,78.67874058473262,2333.5120062374936,37389.163494402834,30.90090341655716,3.0927507665352607,15.523795444590451,12.514738425925925,60.30393402777778,0.5027037037037038,547.5015138888889,0,0,0,9.870447192024542
City_348,-81.84527824103199,178.87473066454106,1669.674433430712,14.936762246498432,Water,8948,46814.72716009951,112,41.49103272173538,4.900384239037053,0.7604581279181544,62.84796735851655,2101.636199719501,14708.579613465005,30.90090341655716,3.0927507665352607,15.523795444590451,12.514738425925925,60.30393402777778,0.5027037037037038,547.5015138888889,0,0,0,9.870447192024542
City_349,-22.569729367235183,0.7902037192473301,4444.42303681226,32.17312250523174,Water,4247,22096.47026585231,54,30.16053165919114,2.20329307851907,20.701406652283488,74.53726311157538,1402.2601395956829,28682.677774971187,30.90090341655716,3.0927507665352607,15.523795444590451,12.514738425925925,60.30393402777778,0.5027037037037038,547.5015138888889,0,0,0,9.870447192024542
City_350,22.654784828562555,34.338606235215764,180.49136135617115,26.14527031638015,Urban,3675,44021.24035225691,97,47.6198941151894,9.263842516677002,9.483039346409116,45.57800944820641,1937.398531945592,5318.969926148814,30.90090341655716,3.0927507665352607,15.523795444590451,12.514738425925925,60.30393402777778,0.5027037037037038,547.5015138888889,0,0,0,9.870447192024542
City_351,0.5645265444157843,-155.8524681401661,3901.6417325510174,17.147669730979004,Water,5397,30669.733564177943,90,36.5647009175466,27.063505547083903,1.6722256076232522,62.7682585251771,1672.4709975615233,21269.61065557714,30.90090341655716,3.0927507665352607,15.523795444590451,12.514738425925925,60.30393402777778,0.5027037037037038,547.5015138888889,0,0,0,9.870447192024542
City_352,64.16817141389802,89.98576934370402,2604.03933857577,30.398673474215432,Green Space,5537,13109.446178408203,58,43.871903561414726,32.2786090713714,18.29438284644351,74.71918506923612,1484.7340974024978,37757.880814775446,30.90090341655716,3.0927507665352607,15.523795444590451,12.514738425925925,60.30393402777778,0.5027037037037038,547.5015138888889,0,0,0,9.870447192024542
City_353,28.564853691410107,-104.43398648558912,1973.769386353157,31.5342499090859,Green Space,7927,18436.88320370136,156,31.42289519243977,2.27925789743344,7.224114482195198,63.32423029119592,884.6315455687011,34976.64181802316,30.90090341655716,3.0927507665352607,15.523795444590451,12.514738425925925,60.30393402777778,0.5027037037037038,547.5015138888889,0,0,0,9.870447192024542
City_354,-60.671803125342656,143.29954419865695,3263.6594718681145,31.16285846725695,Water,9105,5112.057255250042,48,46.57482320215696,47.298544492279966,11.6042172615564,68.72056712508007,1427.8725269097818,49541.49412143677,30.90090341655716,3.0927507665352607,15.523795444590451,12.514738425925925,60.30393402777778,0.5027037037037038,547.5015138888889,0,0,0,9.870447192024542
City_355,-77.29762546792263,-106.14972942647742,2190.0102364111626,32.97316334098886,Green Space,2514,17339.667086204514,103,51.22357588022745,42.10826883251905,2.417424368595408,54.8817427124883,991.6371740451492,14616.665173400044,30.90090341655716,3.0927507665352607,15.523795444590451,12.514738425925925,60.30393402777778,0.5027037037037038,547.5015138888889,0,0,0,9.870447192024542
City_356,25.635470077136816,-111.35242056108004,3930.4045713674727,16.306025504334038,Green Space,1881,34199.50632967317,90,17.321812830140807,14.830624107854655,4.41489753284836,43.69798068148266,2329.684299703309,25411.275659524978,30.90090341655716,3.0927507665352607,15.523795444590451,12.514738425925925,60.30393402777778,0.5027037037037038,547.5015138888889,0,0,0,9.870447192024542
City_357,-85.22796410250807,-166.84211957468585,4053.1583880506632,28.87604821865696,Water,1598,4533.443553542324,182,51.6464857787114,3.859376511323398,8.939317064875313,58.31601180508286,1170.813626992694,17146.99027492584,30.90090341655716,3.0927507665352607,15.523795444590451,12.514738425925925,60.30393402777778,0.5027037037037038,547.5015138888889,0,0,0,9.870447192024542
City_358,15.439604629223396,-10.05589976040028,1897.7441709305488,21.5134874318535,Industrial,3926,11064.669015423438,49,37.014826589515366,8.494353660952864,2.692785016804714,55.7791756335543,2404.528029066744,22589.55258889956,30.90090341655716,3.0927507665352607,15.523795444590451,12.514738425925925,60.30393402777778,0.5027037037037038,547.5015138888889,0,0,0,9.870447192024542
City_359,79.24144345649236,23.342807974541927,1245.7250875577322,31.04996382225153,Urban,4155,19690.61102925226,77,52.233295454511214,6.347220687748633,27.324787940589456,74.6824072951579,1566.1105801894223,42990.556363600015,30.90090341655716,3.0927507665352607,15.523795444590451,12.514738425925925,60.30393402777778,0.5027037037037038,547.5015138888889,0,0,0,9.870447192024542
City_360,13.58535201765821,-156.34488980579314,2665.57647867013,28.21226692904033,Green Space,8438,49120.427313782166,116,31.56508531705073,6.164188964947343,0.1814112955193525,49.75981209409889,1763.0887573523207,34526.24468423585,30.90090341655716,3.0927507665352607,15.523795444590451,12.514738425925925,60.30393402777778,0.5027037037037038,547.5015138888889,0,0,0,9.870447192024542
City_361,-20.12941328282605,99.18994201020382,4105.635055275109,29.41118616249312,Industrial,9601,39458.22932498513,181,28.95202426915176,25.928084433286696,14.515806565929342,78.66936910140433,1585.8808889786555,44239.6183760315,30.90090341655716,3.0927507665352607,15.523795444590451,12.514738425925925,60.30393402777778,0.5027037037037038,547.5015138888889,0,0,0,9.870447192024542
City_362,25.79187931962357,-16.81601949071006,947.9798505254996,26.404045942026787,Green Space,687,36940.85057811309,168,55.75303662586112,12.292372124670017,3.697423743976543,78.32552479217985,758.7612339334019,10972.044308262435,30.90090341655716,3.0927507665352607,15.523795444590451,12.514738425925925,60.30393402777778,0.5027037037037038,547.5015138888889,0,0,0,9.870447192024542
City_363,-7.514479711527002,8.780496957928818,2803.3496260356724,14.43571923674267,Green Space,5909,6693.356869746853,139,22.558463377420065,17.906985826457223,9.230372684338455,49.90526572285755,1251.642438015882,43794.69477423046,30.90090341655716,3.0927507665352607,15.523795444590451,12.514738425925925,60.30393402777778,0.5027037037037038,547.5015138888889,0,0,0,9.870447192024542
City_364,8.21102207686829,-21.325411102237865,2842.0209904163426,23.62567297242346,Urban,2592,39268.79878713458,57,52.21061626430716,49.475266669216126,27.78178679454797,53.92207821909282,698.2922245552479,3928.351434740837,30.90090341655716,3.0927507665352607,15.523795444590451,12.514738425925925,60.30393402777778,0.5027037037037038,547.5015138888889,0,0,0,9.870447192024542
City_365,79.46366557977453,-35.72529808488264,3299.0086008687645,34.616743488112704,Green Space,2630,39478.17176428474,88,34.2010286254702,34.21571244626724,4.8508365982196056,75.82222963495539,1745.9080883667634,44541.36474142047,30.90090341655716,3.0927507665352607,15.523795444590451,12.514738425925925,60.30393402777778,0.5027037037037038,547.5015138888889,0,0,0,9.870447192024542
City_366,-20.50152519586064,21.470519270958448,592.0545830726691,33.43470166242797,Urban,5742,30454.032085592087,162,35.70477212756299,47.44903335235007,28.97496959154998,78.6648888358443,1393.7483904008775,17124.615193575668,30.90090341655716,3.0927507665352607,15.523795444590451,12.514738425925925,60.30393402777778,0.5027037037037038,547.5015138888889,0,0,0,9.870447192024542
City_367,83.01430148830457,-124.1135114649435,3221.2123410693985,11.079343394925292,Urban,9049,49527.727317920224,80,25.4234140744742,7.127827751655779,6.173831309682651,57.73756411344176,2055.969943141874,16414.794037289255,30.90090341655716,3.0927507665352607,15.523795444590451,12.514738425925925,60.30393402777778,0.5027037037037038,547.5015138888889,0,0,0,9.870447192024542
City_368,72.96311555209147,-114.5058730217024,4090.6463429953847,14.120370393235929,Urban,6147,16937.441390303044,178,38.65211003095078,19.106973741628465,22.24698325400489,52.83988182563591,940.9409619987396,26092.340258234533,30.90090341655716,3.0927507665352607,15.523795444590451,12.514738425925925,60.30393402777778,0.5027037037037038,547.5015138888889,0,0,0,9.870447192024542
City_369,-54.75759573792664,130.24282356486623,808.5739899160889,13.293219336364048,Industrial,5685,47122.34996385073,41,26.260559813810566,27.736590164117715,16.40031794691935,61.04376053006168,829.1321168586699,47093.81919843836,30.90090341655716,3.0927507665352607,15.523795444590451,12.514738425925925,60.30393402777778,0.5027037037037038,547.5015138888889,0,0,0,9.870447192024542
City_370,-77.51496584247022,160.6015663681078,1068.9449621574497,28.14949774963239,Water,6276,45821.82463286868,79,11.963470712082616,3.837903094436901,26.53436182790277,67.5107682546294,1312.6644619275355,3341.286869388863,30.90090341655716,3.0927507665352607,15.523795444590451,12.514738425925925,60.30393402777778,0.5027037037037038,547.5015138888889,0,0,0,9.870447192024542
City_371,-71.8599597520632,-45.608646139288936,4371.277923187378,30.444633246423628,Industrial,8413,1562.5523277195143,161,23.5999302672178,0.2093721813978932,16.619797665093927,50.9389806149992,2353.1707664367623,18259.31777846652,30.90090341655716,3.0927507665352607,15.523795444590451,12.514738425925925,60.30393402777778,0.5027037037037038,547.5015138888889,0,0,0,9.870447192024542
City_372,-86.72007138272104,-82.53191766832065,814.396287192704,15.337784157766798,Water,8047,23055.70979726574,142,10.318952170329537,33.521716689845874,16.03677657468926,69.45892698476291,1920.843630024824,42972.02744548345,30.90090341655716,3.0927507665352607,15.523795444590451,12.514738425925925,60.30393402777778,0.5027037037037038,547.5015138888889,0,0,0,9.870447192024542
City_373,-73.00026706393288,51.83983556604568,3844.732920163106,22.646317323795724,Water,8323,48878.10741952709,199,58.91773935284283,32.09097584007176,5.863740011051997,42.06629428458564,1337.8472495858373,20406.66939433787,30.90090341655716,3.0927507665352607,15.523795444590451,12.514738425925925,60.30393402777778,0.5027037037037038,547.5015138888889,0,0,0,9.870447192024542
City_374,32.941219214944226,-32.855698404685285,2215.2503540161565,31.01757570028,Urban,7855,6052.946757995714,195,58.287360490987375,20.53944049998059,4.9868808615497615,41.971779710576655,1534.544339508621,10758.687982256284,30.90090341655716,3.0927507665352607,15.523795444590451,12.514738425925925,60.30393402777778,0.5027037037037038,547.5015138888889,0,0,0,9.870447192024542
City_375,-77.18604327715879,-170.86091196227585,1112.539834814297,28.320038619156264,Green Space,6965,27841.45002478265,182,29.75776487361525,24.48220380160163,27.494674533465428,55.45150820582181,668.4260223541967,21814.914885239177,30.90090341655716,3.0927507665352607,15.523795444590451,12.514738425925925,60.30393402777778,0.5027037037037038,547.5015138888889,0,0,0,9.870447192024542
City_376,-32.58438654712297,-123.78506494817148,3918.374555726301,23.555930137296208,Urban,1997,48968.9178450141,43,46.4185427169823,20.77215002960448,9.835145965501022,54.13892768242882,2469.1517927522264,19892.072573091795,30.90090341655716,3.0927507665352607,15.523795444590451,12.514738425925925,60.30393402777778,0.5027037037037038,547.5015138888889,0,0,0,9.870447192024542
City_377,62.07755597450182,77.75000238506311,2003.8736475119947,24.75869226146932,Green Space,3055,28219.27578118715,61,27.290304920521248,1.2002522422444428,11.162467648886878,52.62532861468609,1832.8146093898376,45855.39387186847,30.90090341655716,3.0927507665352607,15.523795444590451,12.514738425925925,60.30393402777778,0.5027037037037038,547.5015138888889,0,0,0,9.870447192024542
City_378,-85.81105156755135,57.2126190876545,2316.678092683606,22.709013672907,Water,5909,10300.949845635643,168,43.5546578542988,16.768580310873123,22.79470975285165,59.6407905067564,1070.808136926845,38334.78441141176,30.90090341655716,3.0927507665352607,15.523795444590451,12.514738425925925,60.30393402777778,0.5027037037037038,547.5015138888889,0,0,0,9.870447192024542
City_379,56.60432686600845,-170.24544269874593,1616.5501622989457,17.438711282970516,Urban,3451,29526.978274536898,175,50.27150215229896,8.854112769864491,10.16470447268422,52.82934329246285,1671.616788430489,25750.66223145631,30.90090341655716,3.0927507665352607,15.523795444590451,12.514738425925925,60.30393402777778,0.5027037037037038,547.5015138888889,0,0,0,9.870447192024542
City_380,-39.266140540788015,-100.0900217041382,2668.278831457173,24.125549821475403,Green Space,1738,11017.588123527796,184,57.33781223461204,4.921209455068437,28.56187339917008,47.69031673872368,718.964732137988,49430.157769356985,30.90090341655716,3.0927507665352607,15.523795444590451,12.514738425925925,60.30393402777778,0.5027037037037038,547.5015138888889,0,0,0,9.870447192024542
City_381,-68.73033102810187,-96.8130732282943,735.8574266326025,27.222132551252265,Industrial,9665,26465.508881829726,84,30.0106137924836,47.83602169446749,22.13783306996401,52.37878196354404,2431.673337615167,23798.599032520244,30.90090341655716,3.0927507665352607,15.523795444590451,12.514738425925925,60.30393402777778,0.5027037037037038,547.5015138888889,0,0,0,9.870447192024542
City_382,35.412689765547114,61.88138769554223,1759.8669149329232,31.8330728965202,Green Space,5227,4628.068677705052,149,49.16489914780239,29.96798625210828,17.922877277202602,78.9961709124094,849.5699757667319,3853.653710193486,30.90090341655716,3.0927507665352607,15.523795444590451,12.514738425925925,60.30393402777778,0.5027037037037038,547.5015138888889,0,0,0,9.870447192024542
City_383,23.20971242037912,-172.9042064084289,4362.355450508794,25.907283849481203,Urban,4465,30668.65079150583,104,23.29642253160594,36.43281421183013,26.426854816342573,56.44453667979394,1796.0606361104285,13851.44176893426,30.90090341655716,3.0927507665352607,15.523795444590451,12.514738425925925,60.30393402777778,0.5027037037037038,547.5015138888889,0,0,0,9.870447192024542
City_384,67.94496243486952,-142.52091048555343,1161.600447155074,29.02803842607895,Industrial,6186,26322.70701727975,50,59.51661518968242,15.768187163305877,1.4881772504844826,57.78851107433343,990.9089250778608,22367.45353074632,30.90090341655716,3.0927507665352607,15.523795444590451,12.514738425925925,60.30393402777778,0.5027037037037038,547.5015138888889,0,0,0,9.870447192024542
City_385,42.312787884699446,107.96979073434818,2955.3149904358147,14.001790873864325,Green Space,9742,37267.907069311696,162,11.288479938217558,19.65735647470076,7.711880765676263,63.0617995980456,1935.1227652970715,8688.228583159886,30.90090341655716,3.0927507665352607,15.523795444590451,12.514738425925925,60.30393402777778,0.5027037037037038,547.5015138888889,0,0,0,9.870447192024542
City_386,54.62656746927274,-115.7239216604399,1463.3552890111268,21.538936860494747,Green Space,4201,31904.323086780467,116,40.17644032505605,11.846199694836171,13.951090026627298,79.33363073656906,2053.642734480562,47430.6911898781,30.90090341655716,3.0927507665352607,15.523795444590451,12.514738425925925,60.30393402777778,0.5027037037037038,547.5015138888889,0,0,0,9.870447192024542
City_387,-39.23377693716483,54.98859882667489,3480.629065589703,10.233290495677332,Green Space,3280,27930.70715800708,198,42.97529908256636,4.848283548271237,6.809356184145631,49.66405105743052,1846.8394578228647,38575.595993070885,30.90090341655716,3.0927507665352607,15.523795444590451,12.514738425925925,60.30393402777778,0.5027037037037038,547.5015138888889,0,0,0,9.870447192024542
City_388,-58.06088211964989,-94.25419882317846,588.9314732325743,16.166971613040577,Green Space,7898,34799.163613157936,88,44.40227785370645,8.95158187207919,22.31715561906456,67.25128442129736,1728.998920510385,14146.07282096086,30.90090341655716,3.0927507665352607,15.523795444590451,12.514738425925925,60.30393402777778,0.5027037037037038,547.5015138888889,0,0,0,9.870447192024542
City_389,45.11065529535449,-144.20109860663575,4364.194702853451,28.16154287782512,Green Space,2088,8053.153765039312,118,16.01937893945445,39.87570226482429,27.57624093161176,68.63938774166897,2284.9381879040234,29949.42214237788,30.90090341655716,3.0927507665352607,15.523795444590451,12.514738425925925,60.30393402777778,0.5027037037037038,547.5015138888889,0,0,0,9.870447192024542
City_390,55.23025306810752,-92.45801124019653,2042.0529362263767,34.79524878373408,Industrial,2868,30172.6234016716,179,56.92648917365652,33.87729025918879,12.713103597927702,64.29297667172264,657.2534219795161,36351.00869836903,30.90090341655716,3.0927507665352607,15.523795444590451,12.514738425925925,60.30393402777778,0.5027037037037038,547.5015138888889,0,0,0,9.870447192024542
City_391,88.2909255601212,80.01609546803729,1062.2270850590878,12.479452489680398,Water,6289,9433.419538316106,112,19.05916395250414,27.34644379927385,10.263978003356849,43.54313358546576,1161.8295315603905,47122.6675164331,30.90090341655716,3.0927507665352607,15.523795444590451,12.514738425925925,60.30393402777778,0.5027037037037038,547.5015138888889,0,0,0,9.870447192024542
City_392,-15.72881815594323,128.05072851826287,330.7353629850569,20.037357896532207,Industrial,936,46350.58818474216,94,41.137670161992055,23.754493643338403,28.84652196412699,67.07489103310306,996.574959261692,44200.13210959512,30.90090341655716,3.0927507665352607,15.523795444590451,12.514738425925925,60.30393402777778,0.5027037037037038,547.5015138888889,0,0,0,9.870447192024542
City_393,-23.03674455729903,118.879151244117,763.9105728939334,30.00177421747899,Industrial,3328,4348.371137434606,93,21.13380395615425,46.12171418280622,13.345572984826225,42.56378844144702,2476.027924130843,26244.41908077247,30.90090341655716,3.0927507665352607,15.523795444590451,12.514738425925925,60.30393402777778,0.5027037037037038,547.5015138888889,0,0,0,9.870447192024542
City_394,49.75433293355943,-37.013929337356274,2338.98276850208,15.100890865722471,Industrial,2056,22088.36273484887,100,25.360820851063544,3.63674738893342,14.671452013478495,63.84570598199588,1278.7795593337469,38957.97836985786,30.90090341655716,3.0927507665352607,15.523795444590451,12.514738425925925,60.30393402777778,0.5027037037037038,547.5015138888889,0,0,0,9.870447192024542
City_395,-28.65536275445679,60.51064916543263,1516.5142939407883,23.877123732557155,Water,8070,35094.0764051168,33,37.32292708640622,14.030040661895798,10.54949617025716,69.58324708886971,1965.225398480797,28545.092937551664,30.90090341655716,3.0927507665352607,15.523795444590451,12.514738425925925,60.30393402777778,0.5027037037037038,547.5015138888889,0,0,0,9.870447192024542
City_396,77.53631860864164,-106.20565365030446,3729.9751464717424,28.32678240074187,Urban,7980,23443.08837174468,172,30.859670928228823,17.4968926785357,27.28645419036415,48.43879562479802,1869.4503277620088,28082.490612231464,30.90090341655716,3.0927507665352607,15.523795444590451,12.514738425925925,60.30393402777778,0.5027037037037038,547.5015138888889,0,0,0,9.870447192024542
City_397,64.51429533174212,-74.46681710603522,1938.9938564781264,25.39963625650448,Water,9996,5512.667408412215,133,18.011280048825313,39.12129061063939,17.068664498455522,73.66488030171097,924.1624749547556,6622.355958571403,30.90090341655716,3.0927507665352607,15.523795444590451,12.514738425925925,60.30393402777778,0.5027037037037038,547.5015138888889,0,0,0,9.870447192024542
City_398,-12.78107507249669,142.68089466760313,1119.2142266443343,14.700618365385402,Industrial,682,28115.57179020866,179,18.546820121042416,49.62573100809857,22.86523761544933,41.21415222132017,977.9953604231026,7180.745242791451,30.90090341655716,3.0927507665352607,15.523795444590451,12.514738425925925,60.30393402777778,0.5027037037037038,547.5015138888889,0,0,0,9.870447192024542
City_399,45.15679220246952,-175.31930753613503,2777.152439718135,18.884614217143486,Green Space,7690,32439.96353254037,122,30.907239408139983,12.033525737857651,24.35420155052659,73.75251454633224,1062.5691271060682,26947.14713610041,30.90090341655716,3.0927507665352607,15.523795444590451,12.514738425925925,60.30393402777778,0.5027037037037038,547.5015138888889,0,0,0,9.870447192024542
City_400,45.81771733524283,-149.21692889239148,3180.4974759845063,29.59479461213493,Green Space,7187,35485.823238534875,171,47.86414891377504,43.71536670685403,10.255471257517746,58.413162025710605,1322.2545565187584,14174.215703971324,30.90090341655716,3.0927507665352607,15.523795444590451,12.514738425925925,60.30393402777778,0.5027037037037038,547.5015138888889,0,0,0,9.870447192024542
City_401,-71.43770360953212,-105.16094814743016,751.6885855542744,23.855662853300416,Industrial,6065,19289.730908675185,177,54.89823234238943,41.53113802158956,13.0108299396114,48.70351759726578,968.6501313010536,2030.808220562963,30.90090341655716,3.0927507665352607,15.523795444590451,12.514738425925925,60.30393402777778,0.5027037037037038,547.5015138888889,0,0,0,9.870447192024542
City_402,72.459523202322,-170.4484066054249,754.2864732974294,10.13074033857282,Green Space,7741,28619.33858040935,141,14.206383112969142,11.23286988208833,25.45415323218793,45.35112579975872,539.3029654936956,36419.1209911104,30.90090341655716,3.0927507665352607,15.523795444590451,12.514738425925925,60.30393402777778,0.5027037037037038,547.5015138888889,0,0,0,9.870447192024542
City_403,0.9454270406142912,-114.68324336767296,165.02142120094337,29.024769000702342,Industrial,8151,23083.63727200674,190,29.655195377970053,19.966629009961128,10.897660550274308,78.13228670329491,2258.786113614391,2591.843237818084,30.90090341655716,3.0927507665352607,15.523795444590451,12.514738425925925,60.30393402777778,0.5027037037037038,547.5015138888889,0,0,0,9.870447192024542
City_404,58.7623438993935,29.89496194908918,3313.8090677953824,10.882783873505977,Green Space,6075,33930.74589886042,148,15.012278186143831,20.48364346462596,23.81805400355553,42.906623503246266,2431.219662761768,30168.56521409867,30.90090341655716,3.0927507665352607,15.523795444590451,12.514738425925925,60.30393402777778,0.5027037037037038,547.5015138888889,0,0,0,9.870447192024542
City_405,-32.391071814489884,-28.28716178670075,2987.120374298123,28.643344568280803,Water,2089,29594.29139891611,88,10.829624031629894,48.91103342632792,28.22976967723311,47.96373679743703,1183.1407740631355,27420.49591223841,30.90090341655716,3.0927507665352607,15.523795444590451,12.514738425925925,60.30393402777778,0.5027037037037038,547.5015138888889,0,0,0,9.870447192024542
City_406,71.19418112931609,141.36181598771094,2135.8389408741623,15.062014004130935,Urban,9351,26762.054758397608,72,43.08593413219783,9.044595068944917,18.69631119204021,53.91289389732184,1177.0137588509456,48471.91983831242,30.90090341655716,3.0927507665352607,15.523795444590451,12.514738425925925,60.30393402777778,0.5027037037037038,547.5015138888889,0,0,0,9.870447192024542
City_407,-19.94369782785064,114.27968222583873,3798.767020361387,33.951837002984504,Urban,659,13226.693975074184,41,40.12247209832939,39.95789855523911,22.248818623556662,64.80939395844482,514.1836255487419,24726.44382803444,30.90090341655716,3.0927507665352607,15.523795444590451,12.514738425925925,60.30393402777778,0.5027037037037038,547.5015138888889,0,0,0,9.870447192024542
City_408,-88.0492227335463,-56.94575338876464,3625.51568827524,19.19851878255212,Water,7055,1098.9073696634618,69,18.15095569074431,16.709635708655497,24.152919361234048,61.792043411043934,1860.501376660748,4116.470382512071,30.90090341655716,3.0927507665352607,15.523795444590451,12.514738425925925,60.30393402777778,0.5027037037037038,547.5015138888889,0,0,0,9.870447192024542
City_409,72.96875575546747,-86.60756396473471,2634.0946397853845,18.173290408451976,Water,9703,9530.002090260034,147,21.69064165465321,36.54351728880802,25.351189466899275,45.02573969649256,2150.879791497257,28032.710422516622,30.90090341655716,3.0927507665352607,15.523795444590451,12.514738425925925,60.30393402777778,0.5027037037037038,547.5015138888889,0,0,0,9.870447192024542
City_410,-73.56839817849595,-43.31073305978393,3907.220762309664,13.722201258311117,Industrial,8744,6736.236029784264,49,11.18538768222592,21.000550214783143,11.85160013570388,51.58911934952859,793.2166007200063,42213.71236018897,30.90090341655716,3.0927507665352607,15.523795444590451,12.514738425925925,60.30393402777778,0.5027037037037038,547.5015138888889,0,0,0,9.870447192024542
City_411,-32.52354523372532,32.50617930533079,926.2854451654572,17.64010538725537,Industrial,7346,23005.15250553639,195,51.74736028472019,28.917988155827,1.5379037752799452,49.55007084344096,819.3326987343014,49845.61492979056,30.90090341655716,3.0927507665352607,15.523795444590451,12.514738425925925,60.30393402777778,0.5027037037037038,547.5015138888889,0,0,0,9.870447192024542
City_412,81.01115406914488,-83.49708930376454,503.63828728977546,31.91626904570501,Industrial,2807,31000.649387330388,160,58.73452980242757,41.63058866630656,12.056288137102186,48.541714179613656,2080.166499942876,22086.81551076455,30.90090341655716,3.0927507665352607,15.523795444590451,12.514738425925925,60.30393402777778,0.5027037037037038,547.5015138888889,0,0,0,9.870447192024542
City_413,81.10928644876009,44.69360682568825,1213.8732518264533,34.908358440681184,Green Space,1728,11441.1654255556,185,16.77297683973454,40.20827824919421,20.212686893522694,56.445773459199486,1732.5814967082893,16694.63838234038,30.90090341655716,3.0927507665352607,15.523795444590451,12.514738425925925,60.30393402777778,0.5027037037037038,547.5015138888889,0,0,0,9.870447192024542
City_414,13.218819862191497,-32.61180521115344,256.89085240191685,19.207738262671207,Industrial,7726,47013.79770239217,119,21.573760688264905,43.321159176985006,13.510511573423784,68.16125810366628,589.721115255434,45426.01155064795,30.90090341655716,3.0927507665352607,15.523795444590451,12.514738425925925,60.30393402777778,0.5027037037037038,547.5015138888889,0,0,0,9.870447192024542
City_415,23.73069819056387,18.736985106712893,2390.262876004644,21.215265773863564,Water,6090,1327.424331970501,123,53.4204761973467,2.980866267232951,22.46889452581196,48.69811728868944,1745.0939809245633,10370.864324729948,30.90090341655716,3.0927507665352607,15.523795444590451,12.514738425925925,60.30393402777778,0.5027037037037038,547.5015138888889,0,0,0,9.870447192024542
City_416,-9.27980604390244,-22.994449511286007,4214.725615327327,28.051773455068425,Urban,7419,38842.7497431018,42,56.32318989780924,34.602527651987245,10.709472884059917,54.66715518811925,1117.8354456875322,31156.01683661341,30.90090341655716,3.0927507665352607,15.523795444590451,12.514738425925925,60.30393402777778,0.5027037037037038,547.5015138888889,0,0,0,9.870447192024542
City_417,-37.22206109434838,-73.99232656490963,177.04593300829342,32.154894511626864,Green Space,6085,31635.03370699167,95,30.981369140340515,6.999368836088143,19.042324233120887,55.63669707364649,1237.450310941692,20880.00678486644,30.90090341655716,3.0927507665352607,15.523795444590451,12.514738425925925,60.30393402777778,0.5027037037037038,547.5015138888889,0,0,0,9.870447192024542
City_418,-30.84038183341513,161.44319050637642,549.4946130451206,24.826108354669604,Industrial,9727,19304.185251336414,66,12.531123613453708,20.79092840092055,5.592594145619238,79.0582611774164,2039.4628365937604,3013.035882822209,30.90090341655716,3.0927507665352607,15.523795444590451,12.514738425925925,60.30393402777778,0.5027037037037038,547.5015138888889,0,0,0,9.870447192024542
City_419,31.05332209386691,94.89808589751392,2034.8956272754588,19.788142454445733,Green Space,6546,3473.958276207988,95,11.969591684640973,27.429420752734423,22.48108309934871,78.18665427516275,2121.870385345221,18017.13524097919,30.90090341655716,3.0927507665352607,15.523795444590451,12.514738425925925,60.30393402777778,0.5027037037037038,547.5015138888889,0,0,0,9.870447192024542
City_420,45.42741529878239,-129.55925672407707,4202.437578875572,20.3155460212156,Green Space,5445,31746.842017429688,65,38.69749330345052,20.136974237341537,16.370879064390774,72.00550331008304,1300.7132536796612,13996.197602631057,30.90090341655716,3.0927507665352607,15.523795444590451,12.514738425925925,60.30393402777778,0.5027037037037038,547.5015138888889,0,0,0,9.870447192024542
City_421,52.484227870652745,132.6484713232486,1422.7024723953773,27.39045366242017,Industrial,8427,19895.062130416754,55,29.64475544465895,25.980583790150373,6.121931656398018,49.666356832767406,2394.305872012709,34618.466543230854,30.90090341655716,3.0927507665352607,15.523795444590451,12.514738425925925,60.30393402777778,0.5027037037037038,547.5015138888889,0,0,0,9.870447192024542
City_422,52.13126570301969,-4.524768630175089,2282.556639097766,10.080456590106968,Green Space,7516,46877.08983124774,104,11.432621378882724,49.82631543993096,8.757335204934218,42.72149256366679,1312.9254359041445,47490.73438690399,30.90090341655716,3.0927507665352607,15.523795444590451,12.514738425925925,60.30393402777778,0.5027037037037038,547.5015138888889,0,0,0,9.870447192024542
City_423,-73.58290145123573,142.03880168187288,187.07786572676443,25.489733436496017,Urban,8258,27557.51366959853,137,39.16261961562784,6.760865685642736,22.45826125745497,52.676165508824994,2043.67207046022,14134.31218155325,30.90090341655716,3.0927507665352607,15.523795444590451,12.514738425925925,60.30393402777778,0.5027037037037038,547.5015138888889,0,0,0,9.870447192024542
City_424,-1.0043451535353398,107.94789214103348,667.5444043293999,18.887325261033936,Water,5586,47042.9240533819,197,10.565126829451124,33.77280226682128,14.47803706984562,50.671781977353234,1467.7545291285182,40761.83101843241,30.90090341655716,3.0927507665352607,15.523795444590451,12.514738425925925,60.30393402777778,0.5027037037037038,547.5015138888889,0,0,0,9.870447192024542
City_425,-79.63942319700402,-26.923138391075952,4439.835553314811,29.854933281927103,Water,9956,11803.7009801919,72,49.368597907463645,19.80004831928076,6.480943211792166,60.23703200585575,2295.064653044168,3712.6310299820666,30.90090341655716,3.0927507665352607,15.523795444590451,12.514738425925925,60.30393402777778,0.5027037037037038,547.5015138888889,0,0,0,9.870447192024542
City_426,8.915198818272401,-171.91104900475773,4343.034133962205,12.324765995578304,Urban,7661,36560.56960784106,179,25.321641135168576,6.650489945366439,29.01813571110893,71.10911640271172,2315.522487300357,27367.929491950847,30.90090341655716,3.0927507665352607,15.523795444590451,12.514738425925925,60.30393402777778,0.5027037037037038,547.5015138888889,0,0,0,9.870447192024542
City_427,-10.524509752792142,-83.27615062141942,22.229914204843272,24.705056673709763,Green Space,2384,31245.20202158756,177,12.012900150461604,7.936838168715477,21.45375059450664,74.33291755515432,674.8336157421677,4456.953121784834,30.90090341655716,3.0927507665352607,15.523795444590451,12.514738425925925,60.30393402777778,0.5027037037037038,547.5015138888889,0,0,0,9.870447192024542
City_428,69.78675289649397,14.988317277912104,4283.153034404575,22.02432224715309,Industrial,2309,37231.00326173428,37,39.41761104915767,47.46365531228084,28.714044976193883,73.79456341642035,2372.986662620451,46767.61656540133,30.90090341655716,3.0927507665352607,15.523795444590451,12.514738425925925,60.30393402777778,0.5027037037037038,547.5015138888889,0,0,0,9.870447192024542
City_429,-26.83529774062584,48.05215913741301,2876.0397201697515,26.05813814763069,Green Space,3667,11518.725334654302,58,29.88422072165273,43.9800748355881,12.813151360810297,54.38702244892271,2151.0696830408315,38551.21274731212,30.90090341655716,3.0927507665352607,15.523795444590451,12.514738425925925,60.30393402777778,0.5027037037037038,547.5015138888889,0,0,0,9.870447192024542
City_430,-68.92793704303094,-87.16043324404718,3905.6323253401,11.621339862074208,Urban,6852,33584.73129565091,69,58.69002066785748,45.35209802075109,14.253010220751614,67.48937373842732,2082.621428625333,33239.54564902502,30.90090341655716,3.0927507665352607,15.523795444590451,12.514738425925925,60.30393402777778,0.5027037037037038,547.5015138888889,0,0,0,9.870447192024542
City_431,-64.26149723048954,-129.83181333378332,2046.329350352366,24.499594685703283,Green Space,9509,25403.97925978658,187,37.20993312518511,49.57663879136933,26.93865648555057,52.5133679009688,901.8226793710448,41370.92269960855,30.90090341655716,3.0927507665352607,15.523795444590451,12.514738425925925,60.30393402777778,0.5027037037037038,547.5015138888889,0,0,0,9.870447192024542
City_432,47.07191370914501,120.57488524774766,2320.182128606626,24.03711469898809,Water,6556,37398.4237704095,157,23.76195905185041,10.415769500425895,15.75148020736154,42.43622172940731,2110.23841750933,32728.469982938,30.90090341655716,3.0927507665352607,15.523795444590451,12.514738425925925,60.30393402777778,0.5027037037037038,547.5015138888889,0,0,0,9.870447192024542
City_433,21.279251396926995,174.3847850532788,2199.809611156141,24.016502360404274,Green Space,2937,17025.18756343907,113,45.47194323169874,17.771966868203087,21.218367357170013,68.0626106241177,2200.2654693700733,48478.27546154027,30.90090341655716,3.0927507665352607,15.523795444590451,12.514738425925925,60.30393402777778,0.5027037037037038,547.5015138888889,0,0,0,9.870447192024542
City_434,-71.79791829789775,9.248465628966898,3000.8891589574696,25.08719166491137,Urban,6968,44612.79424779738,145,23.574600127135568,33.46095149624333,7.565186324865899,40.39310210279152,1078.3006689083018,35983.939445373806,30.90090341655716,3.0927507665352607,15.523795444590451,12.514738425925925,60.30393402777778,0.5027037037037038,547.5015138888889,0,0,0,9.870447192024542
City_435,-74.86077489930047,-118.19545709461072,628.4306464034081,26.91169843065905,Water,9580,5130.764415956169,173,55.212164570378256,24.19012699303236,13.401794061079215,56.36730349833954,2404.520156724648,46308.271869530094,30.90090341655716,3.0927507665352607,15.523795444590451,12.514738425925925,60.30393402777778,0.5027037037037038,547.5015138888889,0,0,0,9.870447192024542
City_436,36.17444366264159,-81.96936245302717,134.88115442705077,30.12472499201924,Green Space,6451,40552.27662076821,91,28.73609852536882,20.91947666891668,3.703495974310653,53.17517077208303,599.7202927983285,26339.462708521263,30.90090341655716,3.0927507665352607,15.523795444590451,12.514738425925925,60.30393402777778,0.5027037037037038,547.5015138888889,0,0,0,9.870447192024542
City_437,-76.90265885444516,-173.37935644291198,1385.6847371603592,16.74551800320536,Green Space,5776,43204.66166493945,36,37.49342813881026,17.890562466779652,6.17940107630885,67.7351015407541,799.8185064942793,6736.15623611127,30.90090341655716,3.0927507665352607,15.523795444590451,12.514738425925925,60.30393402777778,0.5027037037037038,547.5015138888889,0,0,0,9.870447192024542
City_438,57.93481067226412,149.14757036177963,3171.06343231491,30.62623525450155,Water,9359,41045.36325697424,74,12.528655191211442,29.68903159717261,0.0283024580289326,70.64981891041515,1575.1622761030287,26880.70834972784,30.90090341655716,3.0927507665352607,15.523795444590451,12.514738425925925,60.30393402777778,0.5027037037037038,547.5015138888889,0,0,0,9.870447192024542
City_439,37.12360088816932,-137.6096101595492,908.3405345532676,22.45639205658634,Industrial,8318,26123.593318827025,184,31.30606189761154,28.7796714320041,1.177951549459807,52.16378543885135,1651.5849422446197,7216.768575091572,30.90090341655716,3.0927507665352607,15.523795444590451,12.514738425925925,60.30393402777778,0.5027037037037038,547.5015138888889,0,0,0,9.870447192024542
City_440,-75.35721948445804,27.54593118513128,3030.445949962128,11.92645697835828,Water,5228,22480.864021507303,117,51.61817698304975,8.072891703212004,29.31851469530788,72.46508057779414,1790.3001666018067,30032.18047964385,30.90090341655716,3.0927507665352607,15.523795444590451,12.514738425925925,60.30393402777778,0.5027037037037038,547.5015138888889,0,0,0,9.870447192024542
City_441,-74.72921146466545,-81.34012055260584,4364.604207482717,11.46377323109948,Industrial,3124,49816.85203971896,102,50.28244026816709,23.58699187592196,7.270610854102869,51.75667042019735,533.9382586309329,24642.159965855484,30.90090341655716,3.0927507665352607,15.523795444590451,12.514738425925925,60.30393402777778,0.5027037037037038,547.5015138888889,0,0,0,9.870447192024542
City_442,87.59512413021159,19.50408090568564,422.5532210523828,18.355957967401523,Urban,6238,12229.425609493945,192,21.21592794267632,27.673588810492493,19.89932128512006,57.85305439946245,2420.7335492442608,31506.194493806302,30.90090341655716,3.0927507665352607,15.523795444590451,12.514738425925925,60.30393402777778,0.5027037037037038,547.5015138888889,0,0,0,9.870447192024542
City_443,-22.63125676389833,54.51133980667112,3026.7095320130684,29.62242442778669,Urban,4732,27796.922327926182,66,21.30395355052813,28.514346936569524,25.172990963988347,69.08074108056536,589.1761854682879,1492.302071686748,30.90090341655716,3.0927507665352607,15.523795444590451,12.514738425925925,60.30393402777778,0.5027037037037038,547.5015138888889,0,0,0,9.870447192024542
City_444,-23.28441352795963,118.70704933459255,1996.8759868705704,27.692023368522893,Water,6293,33863.10074373395,148,50.86526561066184,10.50535964561759,16.519813777096928,67.71680916899155,786.1239054468048,10547.18409111284,30.90090341655716,3.0927507665352607,15.523795444590451,12.514738425925925,60.30393402777778,0.5027037037037038,547.5015138888889,0,0,0,9.870447192024542
City_445,56.303922106350456,-105.68834216618284,3906.6401446987743,29.71537411681016,Water,5023,35342.514157210164,86,56.51992100846628,37.11356961261434,4.594335002518686,79.494738892488,528.029035052114,25075.191163694413,30.90090341655716,3.0927507665352607,15.523795444590451,12.514738425925925,60.30393402777778,0.5027037037037038,547.5015138888889,0,0,0,9.870447192024542
City_446,80.50474392909456,-176.04150168294703,797.1740525132366,22.93172641104024,Urban,6071,10997.208621190355,37,14.768046063650178,1.2599547410534817,21.843493120085,49.00644096863728,1633.7168665881893,47574.67451786761,30.90090341655716,3.0927507665352607,15.523795444590451,12.514738425925925,60.30393402777778,0.5027037037037038,547.5015138888889,0,0,0,9.870447192024542
City_447,87.48019148811676,-130.72117317522938,3116.81678501774,21.004974948887263,Industrial,9510,33045.71052465026,124,32.50293197131126,17.741592777158132,18.007542302987492,66.49271654158329,2364.5337678419446,19796.84297740276,30.90090341655716,3.0927507665352607,15.523795444590451,12.514738425925925,60.30393402777778,0.5027037037037038,547.5015138888889,0,0,0,9.870447192024542
City_448,45.6080733466095,144.00671106531786,3771.518803416496,13.6863131676571,Urban,9798,41100.10875758553,146,26.872713948211448,39.01063242678168,21.93751768042125,64.3872763310311,1831.8943321609283,21794.2292766281,30.90090341655716,3.0927507665352607,15.523795444590451,12.514738425925925,60.30393402777778,0.5027037037037038,547.5015138888889,0,0,0,9.870447192024542
City_449,-22.27327460443516,134.6004279225055,4250.763987633105,18.20481884023279,Water,2724,3450.9102642344988,139,53.53442277287197,28.19464605277012,23.092398685712617,76.60393817960119,2145.3149369608545,36020.108361324485,30.90090341655716,3.0927507665352607,15.523795444590451,12.514738425925925,60.30393402777778,0.5027037037037038,547.5015138888889,0,0,0,9.870447192024542
City_450,-74.96987099423963,35.068716781311,3074.6161273034063,20.85048415434688,Urban,8889,45664.54337294051,49,14.176245734000938,13.058121625543013,29.26231103054236,46.254485665795,526.5624069171602,30585.845107019784,30.90090341655716,3.0927507665352607,15.523795444590451,12.514738425925925,60.30393402777778,0.5027037037037038,547.5015138888889,0,0,0,9.870447192024542
City_451,49.88644486693863,36.18606975611522,2237.286438037923,12.215010741990431,Water,6591,2445.698702115091,153,20.55629712790187,34.74765596715238,17.2068984008013,70.07192654347732,1584.0305969594522,15647.381354818328,30.90090341655716,3.0927507665352607,15.523795444590451,12.514738425925925,60.30393402777778,0.5027037037037038,547.5015138888889,0,0,0,9.870447192024542
City_452,10.512764952444911,59.413202836651976,2780.3125809054623,15.51529881778028,Water,9162,18442.580591931324,82,47.62341687932472,28.36954720780367,10.249233380718056,62.73074465075074,1419.1259550110435,21130.00338280396,30.90090341655716,3.0927507665352607,15.523795444590451,12.514738425925925,60.30393402777778,0.5027037037037038,547.5015138888889,0,0,0,9.870447192024542
City_453,-13.640038335544276,-116.86633969555814,3910.072430154232,24.955632351593472,Urban,6861,1774.8466154151413,148,12.56469244906078,39.81218047281936,19.45393670700712,50.98663479151622,1497.935888441586,11667.29014400439,30.90090341655716,3.0927507665352607,15.523795444590451,12.514738425925925,60.30393402777778,0.5027037037037038,547.5015138888889,0,0,0,9.870447192024542
City_454,73.14378931705247,149.18830053298552,2567.743859874733,28.391577855979747,Industrial,2448,4780.113258439511,41,34.62676903571446,36.75125930949117,2.053221277278784,58.97739656588696,644.426370670376,48335.05149738022,30.90090341655716,3.0927507665352607,15.523795444590451,12.514738425925925,60.30393402777778,0.5027037037037038,547.5015138888889,0,0,0,9.870447192024542
City_455,-69.98445318489276,-29.24261103885368,136.74176863576588,34.95868778482374,Green Space,7594,45647.24597382388,46,32.105351733986,30.505396101811733,26.92191954964759,53.35106388279191,1868.8707221386148,7401.084696310627,30.90090341655716,3.0927507665352607,15.523795444590451,12.514738425925925,60.30393402777778,0.5027037037037038,547.5015138888889,0,0,0,9.870447192024542
City_456,-1.3274812276453505,-42.07012983018092,4189.2691297814,33.327833283588944,Urban,6818,18388.180706561245,93,26.72005894943744,24.4088837655407,3.581430340145904,63.17253611153844,1506.440829717269,19220.002443754554,30.90090341655716,3.0927507665352607,15.523795444590451,12.514738425925925,60.30393402777778,0.5027037037037038,547.5015138888889,0,0,0,9.870447192024542
City_457,-87.95634394186457,6.810373901821521,3102.870379642025,26.06412998837979,Green Space,4296,21813.8049908276,71,29.728615765946188,6.65910628337617,9.835285136574548,75.56002443258663,2030.297699722528,2266.1096387805483,30.90090341655716,3.0927507665352607,15.523795444590451,12.514738425925925,60.30393402777778,0.5027037037037038,547.5015138888889,0,0,0,9.870447192024542
City_458,-5.641084441057274,-163.09225196098018,3044.310235997609,20.5312013323518,Urban,734,11551.87468774508,123,36.497029346511646,13.066650894269188,24.472361418783628,62.77219937648808,1470.5812681234306,11867.195104743774,30.90090341655716,3.0927507665352607,15.523795444590451,12.514738425925925,60.30393402777778,0.5027037037037038,547.5015138888889,0,0,0,9.870447192024542
City_459,-79.86541037726928,-120.1379872478114,970.5381857897272,25.90443411770582,Green Space,9620,30257.692739149268,186,18.06836791941916,20.954973645854263,17.919371349921356,65.26889673306336,798.7632724528642,39243.08578062759,30.90090341655716,3.0927507665352607,15.523795444590451,12.514738425925925,60.30393402777778,0.5027037037037038,547.5015138888889,0,0,0,9.870447192024542
City_460,-68.61277507174705,85.69210191349333,2964.9846160469574,29.6412904520058,Industrial,4107,30145.35751921169,176,38.59979391417964,29.96496435031944,11.809065608323262,60.74991388458838,1796.513908155644,10857.586382155094,30.90090341655716,3.0927507665352607,15.523795444590451,12.514738425925925,60.30393402777778,0.5027037037037038,547.5015138888889,0,0,0,9.870447192024542
City_461,-68.84527558012113,-150.19247954695447,1772.389825443713,12.958404773084684,Industrial,8543,19237.819199435744,40,50.27161646499932,25.68539276076524,14.203069781250642,42.04662025781904,844.7727242103324,4923.106723919314,30.90090341655716,3.0927507665352607,15.523795444590451,12.514738425925925,60.30393402777778,0.5027037037037038,547.5015138888889,0,0,0,9.870447192024542
City_462,26.85785438089144,37.13475940789976,2930.5483966867146,20.247622242407207,Urban,1022,17318.70871846452,127,48.008046489507954,14.409226297976474,25.63642179606541,49.31434227504377,2244.7891267096297,24248.20581238164,30.90090341655716,3.0927507665352607,15.523795444590451,12.514738425925925,60.30393402777778,0.5027037037037038,547.5015138888889,0,0,0,9.870447192024542
City_463,44.2880782677762,-91.67432051472446,479.6686363859582,30.99505714089043,Water,6404,44363.2511008488,100,17.694995234688683,0.3232178894855275,10.200131581796764,59.68006917728332,1726.232478138483,1488.4925019914062,30.90090341655716,3.0927507665352607,15.523795444590451,12.514738425925925,60.30393402777778,0.5027037037037038,547.5015138888889,0,0,0,9.870447192024542
City_464,15.006377717488732,-39.85357894488845,2960.303870713662,19.5958237983261,Green Space,5388,19780.927742467866,137,17.462473487073694,24.811961095040697,26.08949054436514,52.409411349788186,814.4077671139084,5153.541566890325,30.90090341655716,3.0927507665352607,15.523795444590451,12.514738425925925,60.30393402777778,0.5027037037037038,547.5015138888889,0,0,0,9.870447192024542
City_465,83.19105872541755,-76.07025476254805,4497.361765967999,24.296806780679663,Water,6332,25181.548615566004,87,23.408718387245667,14.281299428112154,2.644032929300745,47.27054391044777,2424.676114962413,40573.66760858578,30.90090341655716,3.0927507665352607,15.523795444590451,12.514738425925925,60.30393402777778,0.5027037037037038,547.5015138888889,0,0,0,9.870447192024542
City_466,-22.52329568573328,-51.95782207261831,216.9541748725021,24.694234021554955,Water,7622,14881.9333588216,63,28.05373631705186,36.730415035526754,23.30395311625892,60.16531367673753,1536.730926670641,38802.19389812071,30.90090341655716,3.0927507665352607,15.523795444590451,12.514738425925925,60.30393402777778,0.5027037037037038,547.5015138888889,0,0,0,9.870447192024542
City_467,-38.57182446926507,78.85652586632835,4397.283828995928,14.611906328340984,Water,6342,39551.70566449924,49,30.42277907042413,1.1973132635241746,25.42642899164209,52.912391737914014,645.7969037433099,45841.80219983991,30.90090341655716,3.0927507665352607,15.523795444590451,12.514738425925925,60.30393402777778,0.5027037037037038,547.5015138888889,0,0,0,9.870447192024542
City_468,66.34784307410285,-73.03618237565699,1831.0858232529176,19.05588604130721,Industrial,1816,20474.95968805549,79,43.98486084166726,29.241390565289542,5.454529585120163,50.324305726936586,1753.6658088301344,42871.25635962673,30.90090341655716,3.0927507665352607,15.523795444590451,12.514738425925925,60.30393402777778,0.5027037037037038,547.5015138888889,0,0,0,9.870447192024542
City_469,-49.75274906649853,23.905670506882984,3918.3905265176654,18.362782218548304,Urban,1624,26166.9412806719,131,12.83402160829177,47.07371187530327,12.910395971166013,58.559416697615234,1006.3978140256204,34475.60259875109,30.90090341655716,3.0927507665352607,15.523795444590451,12.514738425925925,60.30393402777778,0.5027037037037038,547.5015138888889,0,0,0,9.870447192024542
City_470,83.38005709931002,-8.62185520832412,3520.734678262231,10.65491771330162,Urban,6121,13414.50133292341,167,11.73363521130332,8.720463355574976,4.964993239909669,45.331370323286926,2107.3869037546046,3564.310007732479,30.90090341655716,3.0927507665352607,15.523795444590451,12.514738425925925,60.30393402777778,0.5027037037037038,547.5015138888889,0,0,0,9.870447192024542
City_471,-87.81219455583306,58.92161953055333,2551.573174440005,10.60479409728388,Industrial,5923,49395.32002472134,189,29.59552814719545,23.58247453752977,21.19812386982653,77.1098293230163,2135.644147132381,39359.582281346215,30.90090341655716,3.0927507665352607,15.523795444590451,12.514738425925925,60.30393402777778,0.5027037037037038,547.5015138888889,0,0,0,9.870447192024542
City_472,84.57818880737503,157.2587061569129,3323.021441630969,30.79242609189433,Industrial,3087,15283.29130526242,81,44.85818460689902,4.5710995908569085,16.060433041849702,74.70808391676957,2457.894711709324,42430.02973118746,30.90090341655716,3.0927507665352607,15.523795444590451,12.514738425925925,60.30393402777778,0.5027037037037038,547.5015138888889,0,0,0,9.870447192024542
City_473,-82.2312158488963,83.72595499569013,3953.3200258560655,16.82677024932031,Urban,9715,38766.38401437203,44,19.671767147824127,31.28409561306763,19.059700401249632,68.30482342962142,1503.739062049007,40155.02514282577,30.90090341655716,3.0927507665352607,15.523795444590451,12.514738425925925,60.30393402777778,0.5027037037037038,547.5015138888889,0,0,0,9.870447192024542
City_474,70.4057604656528,-102.62146370732756,1818.6314474296485,22.951969155970385,Water,6172,21947.2868674812,113,42.07522406281259,27.52658402981128,5.894609008686334,44.24855310353825,1409.9137594554743,25915.47273009328,30.90090341655716,3.0927507665352607,15.523795444590451,12.514738425925925,60.30393402777778,0.5027037037037038,547.5015138888889,0,0,0,9.870447192024542
City_475,4.986199635533978,-168.7740713779375,1471.649227034574,17.468139339719325,Green Space,1878,11104.652849122856,160,22.991406897014976,20.368276210641618,6.352375861572586,71.03509017878773,2006.9512108929607,12412.190093824602,30.90090341655716,3.0927507665352607,15.523795444590451,12.514738425925925,60.30393402777778,0.5027037037037038,547.5015138888889,0,0,0,9.870447192024542
City_476,88.73366330147405,-85.58494405206297,3004.170235036131,33.51698112788351,Green Space,3874,40186.2194342782,66,54.30430544067582,26.06885107368706,1.244919765297191,72.31829312436076,764.9413126838531,42421.16880874761,30.90090341655716,3.0927507665352607,15.523795444590451,12.514738425925925,60.30393402777778,0.5027037037037038,547.5015138888889,0,0,0,9.870447192024542
City_477,-76.71661834762821,34.22805505209175,3635.306738735664,16.482418971644343,Green Space,2019,17346.732662423114,155,54.78449721333082,44.82873292345051,9.662026055871891,70.7105847085735,1593.8310275862484,36630.97767726678,30.90090341655716,3.0927507665352607,15.523795444590451,12.514738425925925,60.30393402777778,0.5027037037037038,547.5015138888889,0,0,0,9.870447192024542
City_478,9.693771192237747,-161.48670714566987,3430.283106494771,20.741420318473377,Water,6277,43394.474022492745,69,24.864360214066323,9.814715115553351,16.79233984001025,44.558635484769646,1592.495200261702,49057.29754505373,30.90090341655716,3.0927507665352607,15.523795444590451,12.514738425925925,60.30393402777778,0.5027037037037038,547.5015138888889,0,0,0,9.870447192024542
City_479,84.47445641143781,-1.308151007554926,3590.161419863856,31.81825626211505,Urban,8435,45847.60206097333,101,21.499687698162028,1.1282255852673615,25.738047419919862,65.7563182827106,678.9462456207744,8628.937290040712,30.90090341655716,3.0927507665352607,15.523795444590451,12.514738425925925,60.30393402777778,0.5027037037037038,547.5015138888889,0,0,0,9.870447192024542
City_480,4.157611950626787,34.86342561008013,1960.1249166581983,31.048339169795216,Industrial,6593,43131.36793417252,69,30.565198603311565,43.083244234955046,20.00782342376042,73.37299182997594,1335.968171013827,12057.564569550696,30.90090341655716,3.0927507665352607,15.523795444590451,12.514738425925925,60.30393402777778,0.5027037037037038,547.5015138888889,0,0,0,9.870447192024542
City_481,23.29175486434725,-59.67219930589411,3680.253972787597,14.652535446156932,Urban,8918,2715.3878255334766,85,22.02657925900744,28.855854119395325,13.061889701992545,63.09413604878671,2206.569597134404,11378.109344193632,30.90090341655716,3.0927507665352607,15.523795444590451,12.514738425925925,60.30393402777778,0.5027037037037038,547.5015138888889,0,0,0,9.870447192024542
City_482,35.234764017231086,97.52839334849592,540.940749167738,30.06608274489276,Water,5855,39581.293905250175,180,43.61919216458518,44.53292277309212,28.59360343182413,65.85629500912356,2212.3072439893203,39834.4486134455,30.90090341655716,3.0927507665352607,15.523795444590451,12.514738425925925,60.30393402777778,0.5027037037037038,547.5015138888889,0,0,0,9.870447192024542
City_483,-8.182608341800815,-141.62462887184216,2450.2009408238227,21.45467216844732,Industrial,5468,21155.63385845805,133,51.30323422741428,29.84726117065863,21.577356017274955,58.33453917705225,698.475329839362,10158.45752605579,30.90090341655716,3.0927507665352607,15.523795444590451,12.514738425925925,60.30393402777778,0.5027037037037038,547.5015138888889,0,0,0,9.870447192024542
City_484,22.960454415131423,-152.95039857510884,25.913972241547068,22.07422180213388,Water,9583,43812.42308892903,168,43.65460654556085,40.50805449798512,27.9049560858765,61.1482927953621,681.4417654956617,4266.331661341998,30.90090341655716,3.0927507665352607,15.523795444590451,12.514738425925925,60.30393402777778,0.5027037037037038,547.5015138888889,0,0,0,9.870447192024542
City_485,15.17657614615804,82.14795223329719,1460.6362345512164,13.336999310398594,Green Space,6074,32259.7588715522,139,51.21752236246748,21.4836681677574,15.82763919816497,41.37507433406901,1025.3909540038703,49929.4795226958,30.90090341655716,3.0927507665352607,15.523795444590451,12.514738425925925,60.30393402777778,0.5027037037037038,547.5015138888889,0,0,0,9.870447192024542
City_486,72.20844188837802,-1.6231261657685536,1649.0769069212904,12.015037843928116,Green Space,4572,41848.51357305396,165,29.84960811037371,37.49299656441344,7.767128243794188,65.55852087893138,2249.5321251079868,2216.043360812308,30.90090341655716,3.0927507665352607,15.523795444590451,12.514738425925925,60.30393402777778,0.5027037037037038,547.5015138888889,0,0,0,9.870447192024542
City_487,-81.81965153853758,67.82486271398497,1782.777112241649,28.19848267434413,Water,2757,25472.15672347493,122,17.815848535443042,45.6520733444928,1.5848005909416596,43.25788851564637,757.8051701469979,41926.95894778442,30.90090341655716,3.0927507665352607,15.523795444590451,12.514738425925925,60.30393402777778,0.5027037037037038,547.5015138888889,0,0,0,9.870447192024542
City_488,-39.42662587339854,-23.46215810265136,3129.60243010438,22.41152880888249,Industrial,9088,27216.24972534771,123,46.89754736987961,28.60614818611032,21.782545544515514,57.400583773608936,1939.9936052548928,18902.975235981987,30.90090341655716,3.0927507665352607,15.523795444590451,12.514738425925925,60.30393402777778,0.5027037037037038,547.5015138888889,0,0,0,9.870447192024542
City_489,81.07406713378057,-91.29526803392154,1748.5114557165557,20.921267565379488,Industrial,4924,8074.993974549694,85,28.023725257077693,9.039257528118975,3.639089940166024,51.70620390669632,702.3312392262064,42239.15752813295,30.90090341655716,3.0927507665352607,15.523795444590451,12.514738425925925,60.30393402777778,0.5027037037037038,547.5015138888889,0,0,0,9.870447192024542
City_490,70.24748110036495,114.87683436271192,2019.121301801388,28.23770571630992,Urban,3737,39415.380575778414,89,43.56354126145663,13.439880751509907,9.083253848159016,61.817118008468526,1746.2757074956507,28176.404069346103,30.90090341655716,3.0927507665352607,15.523795444590451,12.514738425925925,60.30393402777778,0.5027037037037038,547.5015138888889,0,0,0,9.870447192024542
City_491,-7.98178449857167,107.78971642883256,1068.9485889344735,29.137822474777742,Green Space,4393,21550.09097168161,167,23.53219709908828,9.93222884487029,15.97412723651692,45.336653420928286,1212.1345982382895,45179.930244831645,30.90090341655716,3.0927507665352607,15.523795444590451,12.514738425925925,60.30393402777778,0.5027037037037038,547.5015138888889,0,0,0,9.870447192024542
City_492,21.62386760427661,70.09072950759364,1679.6330623320302,13.97270419173384,Urban,2505,25503.925795307547,68,14.061481740333631,12.342851379786646,16.93249763339243,67.66573607893272,2077.827925931734,46383.4563343167,30.90090341655716,3.0927507665352607,15.523795444590451,12.514738425925925,60.30393402777778,0.5027037037037038,547.5015138888889,0,0,0,9.870447192024542
City_493,-40.07138706339612,-82.02775059721343,1022.7133226841815,25.25562873694104,Urban,2516,39469.78799068967,57,59.62908977438817,15.32077246755182,18.01749590961408,71.80046147713881,967.3808976507272,1445.8108827580238,30.90090341655716,3.0927507665352607,15.523795444590451,12.514738425925925,60.30393402777778,0.5027037037037038,547.5015138888889,0,0,0,9.870447192024542
City_494,-56.138191249722965,32.48304007287135,329.3816569579964,13.38385205694214,Water,9888,30343.42460389251,78,17.810075396529964,27.756689337659424,4.987659910491019,46.53417798972626,1778.4036587799196,4695.196623646625,30.90090341655716,3.0927507665352607,15.523795444590451,12.514738425925925,60.30393402777778,0.5027037037037038,547.5015138888889,0,0,0,9.870447192024542
City_495,-6.534287110803206,-50.04939710159036,2715.5186702162005,28.784377150726144,Water,2272,10853.837644690704,193,59.42104969817405,29.39958147319164,11.392122144649464,44.172523494075286,971.3650691517698,13267.577748971918,30.90090341655716,3.0927507665352607,15.523795444590451,12.514738425925925,60.30393402777778,0.5027037037037038,547.5015138888889,0,0,0,9.870447192024542
City_496,-26.39659895531049,-147.0304536024117,3006.9575934975733,26.42387890667849,Urban,8853,29921.400298393743,154,58.86399662832236,21.32498736209305,18.515826813509,45.82061931149437,1927.320566224308,33796.45540181158,30.90090341655716,3.0927507665352607,15.523795444590451,12.514738425925925,60.30393402777778,0.5027037037037038,547.5015138888889,0,0,0,9.870447192024542
City_497,15.05810013315697,150.2328871664074,2787.706557043265,33.91536552708645,Green Space,4476,20974.010041003134,42,49.69090519540198,30.77103899104177,29.094565939013545,75.08510247594006,2247.356069121497,44525.3376290638,30.90090341655716,3.0927507665352607,15.523795444590451,12.514738425925925,60.30393402777778,0.5027037037037038,547.5015138888889,0,0,0,9.870447192024542
City_498,-76.00776534630273,-130.7452928691739,2085.723197102576,11.723950408910529,Water,2251,24006.75156014927,65,42.97114810409988,4.078746280568296,21.82893413099066,61.12757047025425,753.6035982535201,23537.15561340417,30.90090341655716,3.0927507665352607,15.523795444590451,12.514738425925925,60.30393402777778,0.5027037037037038,547.5015138888889,0,0,0,9.870447192024542
City_499,85.39106537990997,162.08544737548883,1709.0360108065345,11.426368028781358,Urban,9467,2387.252445730722,130,38.89035251255423,4.389411852907998,27.67811271281873,58.6904398403001,2233.1913771910067,30741.68269743901,30.90090341655716,3.0927507665352607,15.523795444590451,12.514738425925925,60.30393402777778,0.5027037037037038,547.5015138888889,0,0,0,9.870447192024542
City_500,87.51793400632852,-19.437921735135944,3885.0014230732136,17.054676867330002,Urban,7930,11291.4381262978,55,53.305077268891736,8.591473017882922,22.866361749425312,44.26847276409417,1687.1505088285958,10236.492786982497,30.90090341655716,3.0927507665352607,15.523795444590451,12.514738425925925,60.30393402777778,0.5027037037037038,547.5015138888889,0,0,0,9.870447192024542
